0,Row,Col,X,Y,Spot_radius
GTAGACAACCGATGAA-1,7,55,5406,13126,94
ACAGATTAGGTTAGTG-1,7,57,5407,13417,94
TGGTATCGGTCTGTAT-1,7,59,5407,13707,94
ATTATCTCGACAGATC-1,7,61,5407,13997,94
TGAGATCAAATACTCA-1,7,63,5407,14287,94
CAACTTGTAGTGGGCA-1,9,41,5909,11095,94
AATATCAAGGTCGGAT-1,8,42,5657,11240,94
ACTCAGACCTGCTTCT-1,9,43,5910,11385,94
TTGGAGTCTCCCTTCT-1,8,44,5657,11531,94
GGATACTCATGAATTG-1,9,45,5910,11675,94
TGGGCACAAACAGAAC-1,8,46,5658,11821,94
GAGCCACGGTAGTAGG-1,9,47,5910,11966,94
TCGATAGGCTAGTCGC-1,8,48,5658,12111,94
TAACCGCCCGCAGTGC-1,9,49,5910,12256,94
GCCTATTTGCTACACA-1,8,50,5658,12401,94
TTGACGATTCAGCACG-1,9,51,5911,12546,94
ACCGAAAGGGCCCTGC-1,9,53,5911,12836,94
ACGTTCCGCGCTCCGT-1,8,54,5659,12981,94
ATACCAGGCTAATAGA-1,9,55,5911,13126,94
CGGCTTTGTATGATAA-1,8,56,5659,13271,94
CTTGACCCGAAAGATA-1,9,57,5911,13416,94
CGCAGAAACATTTGCG-1,8,58,5659,13561,94
GACCCGTCGCCGGCTA-1,9,59,5912,13706,94
AATCGGGACACTACGA-1,8,60,5659,13851,94
GTCACAAAGTTTCCAA-1,9,61,5912,13996,94
TATATTCGCGTCGATA-1,8,62,5660,14142,94
CCTCCCGACAATCCCT-1,9,63,5912,14286,94
CGACATGCGATCTTCT-1,8,64,5660,14432,94
AACACGACTGTACTGA-1,9,65,5912,14576,94
CCCAACCACACTAACA-1,8,66,5660,14722,94
CACCGCCGACCAGCGA-1,9,67,5913,14867,94
TGGTATCGCATCCCAA-1,8,68,5660,15012,94
CAGAGTGATTTAACGT-1,9,69,5913,15157,94
AACCCTGGTGGAACCA-1,8,70,5661,15302,94
GTCAGTTGTGCTCGTT-1,9,71,5913,15447,94
ATTGACGTAACTCGGT-1,8,72,5661,15592,94
GATGTCGGTCAACTGC-1,9,73,5914,15737,94
AGGGCAGCGGCGTGGT-1,8,74,5661,15882,94
ACATCGTTAACCTAGT-1,9,75,5914,16027,94
TGTTTAATACTTCATC-1,9,77,5914,16317,94
CATATTATTTGCCCTA-1,9,79,5914,16607,94
ACGAGATATTTGCTTA-1,9,81,5915,16897,94
AACGTGATGAAGGACA-1,9,83,5915,17187,94
GAGGGCATCGCGTATC-1,11,33,6413,9934,94
CTTGTGAGTCTTTGAC-1,10,34,6161,10080,94
TCAACACATTGGGTAA-1,11,35,6413,10224,94
ACTGTATACGCGAGCA-1,10,36,6161,10370,94
GTGAAACGTGCTCCAC-1,11,37,6414,10515,94
CGAGTGCTATAGTTCG-1,10,38,6161,10660,94
GTACTGCATGAAGCGT-1,11,39,6414,10805,94
GTAACTTGCGGCAGTC-1,10,40,6162,10950,94
GAATCGCCGGACACGG-1,11,41,6414,11095,94
GGGAGTAATGGCTGGC-1,10,42,6162,11240,94
CATGAACCGACATTTG-1,11,43,6414,11385,94
TCTGTCATACAAGAGC-1,10,44,6162,11530,94
TAAAGAGCCCGAAACC-1,10,46,6162,11820,94
AAAGACCCAAGTCGCG-1,10,48,6163,12110,94
TGTATCCTTATTCCAT-1,10,50,6163,12400,94
AAAGTCACTGATGTAA-1,10,52,6163,12691,94
TGTCTACAGTTTCTGT-1,11,53,6416,12835,94
TTAACGTCGCAAGACC-1,10,54,6163,12981,94
CTATGTCTATTGAAAC-1,11,55,6416,13125,94
TCGGGTGAAACTGCTA-1,10,56,6164,13271,94
TGTCCCGACATAGCAC-1,11,57,6416,13416,94
ACAGCATAGAGCCAGT-1,10,58,6164,13561,94
ATATTCCCACAGGTCA-1,11,59,6416,13706,94
TTGGATCGACTTCTGG-1,10,60,6164,13851,94
CACCATCGGAGGAGAC-1,11,61,6417,13996,94
TCGTTCGTTATTATGT-1,10,62,6164,14141,94
CTTAACTTCGAAGTAC-1,11,63,6417,14286,94
GCACAAGTGTCGGAAG-1,10,64,6165,14431,94
TACCAGCTAGGTTTAA-1,11,65,6417,14576,94
ACGTACAGATTTCTCT-1,10,66,6165,14721,94
AATTTGGTTCCAAAGA-1,11,67,6418,14866,94
GTAAGGATTTGTCGGA-1,10,68,6165,15011,94
CATCATCTACCCGGAC-1,11,69,6418,15156,94
ACGATGGATCCGATGC-1,10,70,6166,15302,94
CACTCAGCTCTTGAGG-1,11,71,6418,15446,94
TAGATCCGAAGTCGCA-1,10,72,6166,15592,94
TGAAACTTATGCAAGC-1,11,73,6418,15736,94
GCGATTCTGGAAGCAG-1,10,74,6166,15882,94
CAAACTATTGAGCTTC-1,11,75,6419,16027,94
TAGAATTAAGGGCAAC-1,10,76,6166,16172,94
CGAAACATAGATGGCA-1,11,77,6419,16317,94
GATGGTGCCCTAGGCA-1,10,78,6167,16462,94
CCCGCAGGGCCCAAAG-1,11,79,6419,16607,94
ACAGCGCACCCGCAGC-1,10,80,6167,16752,94
GGTAAATGTGCGTTAC-1,11,81,6419,16897,94
GTCCTTCTAGTGGGTT-1,10,82,6167,17042,94
GGAAGCTCGCTTACAG-1,11,83,6420,17187,94
CACCGATACACCGAGC-1,10,84,6167,17332,94
CAGCCGGGCCCTCTAT-1,11,85,6420,17477,94
CGGAGCTTATAACACC-1,10,86,6168,17622,94
ATTACAACTACCGGCC-1,11,87,6420,17767,94
GTCAAAGTTTACATAG-1,13,29,6917,9354,94
ACTGTGCTAGTAGATC-1,13,31,6918,9644,94
GTTTGGCCGCTCAGCG-1,12,32,6665,9789,94
TTATCCAATCGAACTC-1,13,33,6918,9934,94
CCGTACCCAAGCGCCA-1,12,34,6666,10079,94
CATACAAAGCCGAACC-1,13,35,6918,10224,94
GGTCGGTAATTAGACA-1,12,36,6666,10369,94
AGCGGGAAGGGTCCAT-1,13,37,6918,10514,94
GCCCACCAAGGCTGTC-1,12,38,6666,10659,94
GTAGACGTCGTTACAT-1,13,39,6919,10804,94
GAGCATCATCCCTGGG-1,12,40,6666,10949,94
AGGTAACCTCCTATTC-1,13,41,6919,11094,94
GGTTTGAGTGCTGGAA-1,12,42,6667,11240,94
GGTAACTATGTATCTG-1,12,44,6667,11530,94
GCGGTCCCTAGACGCA-1,13,45,6919,11674,94
CGAGCGTTGATCAGCC-1,12,46,6667,11820,94
AATCCAAGGGCCTGAG-1,13,47,6920,11965,94
CCGTGCCCATGACGGC-1,12,48,6667,12110,94
GAAATTCACATCGCTG-1,13,49,6920,12255,94
TGCGGCATAGTTCAAC-1,12,54,6668,12980,94
CCGCCGGTCAACACAC-1,13,55,6921,13125,94
TCGTATAGTGCAATTA-1,12,56,6668,13270,94
TAGTTTATTCTTGCTT-1,13,57,6921,13415,94
GATATCTCATGCAATA-1,12,58,6669,13560,94
CGTTTAAGCGGAGCAC-1,13,59,6921,13705,94
CATGCTGGCTCCAATT-1,12,60,6669,13851,94
GAAACAGCCATGCAGT-1,13,61,6922,13995,94
AGTTTCGCAGGTCGGA-1,12,62,6669,14141,94
CTCATGGCTCACAATC-1,13,63,6922,14285,94
AACCGTTGTGTTTGCT-1,12,64,6670,14431,94
ACCCTTCATCTGCGAA-1,13,65,6922,14576,94
TGCGGTGAAATTTCAT-1,12,66,6670,14721,94
CAAATTGTCAGCAAGC-1,13,67,6922,14866,94
GAGGTACATCCATCTT-1,12,68,6670,15011,94
AAATGGCATGTCTTGT-1,13,69,6923,15156,94
TCATCCCAGAGGGTGG-1,12,70,6670,15301,94
CGTAGCGAATTGTCAG-1,13,71,6923,15446,94
CCTAGTTAGTCGCATG-1,12,72,6671,15591,94
GAAACTCTAATGAAGG-1,13,73,6923,15736,94
TTGTATCACACAGAAT-1,12,74,6671,15881,94
TTCAAGCCGAGCTGAG-1,13,75,6923,16026,94
AGGTACGATATTGCCA-1,12,76,6671,16171,94
TTAAGCCGACAACTTC-1,13,77,6924,16316,94
GTCTTAGTACAGCCGG-1,12,78,6671,16462,94
TGGGTAAGGTTCCCGC-1,13,79,6924,16606,94
CTACGCCATTTCCGAT-1,12,80,6672,16752,94
GACCGTCAGGTCGTGA-1,13,81,6924,16896,94
TAGTTAAGATAGGATA-1,12,82,6672,17042,94
GAATATTCGGAGTCCC-1,13,83,6924,17187,94
CAAACTACGATAGAGA-1,12,84,6672,17332,94
CAGGAAGACTTTATAT-1,13,85,6925,17477,94
TTCGTAATCCCAGCGG-1,12,86,6672,17622,94
GTGAGGAGCGGTTGAG-1,13,87,6925,17767,94
CAATCCCTATACCAGC-1,12,88,6673,17912,94
AGGGAAACGAGGTACT-1,13,89,6925,18057,94
TCCTGCCAACTGGAGA-1,12,90,6673,18202,94
AATTTGGGACATAGTA-1,13,91,6925,18347,94
GCTCATTACTGCATGT-1,13,93,6926,18637,94
CTGAGCAAGTAACAAG-1,15,25,7422,8773,94
ACGGAATTTAGCAAAT-1,15,27,7422,9063,94
GGGCGGTCCTATTGTC-1,14,28,7170,9208,94
ATGTTACGAGCAATAC-1,15,29,7422,9353,94
AACCATGGGATCGCTA-1,14,30,7170,9498,94
TCGCATCCCTAAGTGT-1,15,31,7422,9643,94
ACTTAGTACGACAAGA-1,14,32,7170,9789,94
GAGCTCTCGGACCTAA-1,15,33,7423,9933,94
TCTATTACGCTGGCGA-1,14,34,7170,10079,94
AGATACGACTTCATAT-1,15,35,7423,10224,94
CGCTATACCGCCCACT-1,14,36,7171,10369,94
CAGTGTCCGCAGAATG-1,15,37,7423,10514,94
CCATCCATACCAAGTC-1,14,38,7171,10659,94
AACCCAGAGACGGAGA-1,15,39,7423,10804,94
GAAGAACGGTGCAGGT-1,14,40,7171,10949,94
GATAAATCGGTGGATG-1,15,41,7424,11094,94
CAGCTCGTGCTTGTGT-1,14,42,7171,11239,94
GAGTACGGGTATACAA-1,15,43,7424,11384,94
TCTTACAGAGGTACCG-1,15,45,7424,11674,94
TGGAAGACGAACACCA-1,14,46,7172,11819,94
GTTGTCGTGTTAGTTG-1,15,47,7424,11964,94
CCAAGGAACAGAGAGG-1,14,48,7172,12109,94
CTGCACCTGGAACCGC-1,15,49,7425,12254,94
CGCTTTCATACCGGTG-1,14,50,7172,12400,94
AACGATAGAAGGGCCG-1,15,53,7425,12834,94
TATCCTGCATGGGAAT-1,14,54,7173,12980,94
AGGCCCATTGTACAGG-1,15,55,7426,13125,94
CCGGCGCATATTGGAT-1,14,56,7173,13270,94
ATCTGTAATTGTACCC-1,15,57,7426,13415,94
GAGCGAGGGAGTACCG-1,14,58,7174,13560,94
TTATTAGGGAAGCATC-1,15,59,7426,13705,94
CTTCTTACGTCGTATA-1,14,60,7174,13850,94
GAAGTGCTGGATAGCT-1,15,61,7426,13995,94
GTGCAACAAATGTGGC-1,14,62,7174,14140,94
CATGCGTTAGACAGAA-1,15,63,7427,14285,94
ACACACTTTCTACACG-1,14,64,7174,14430,94
AGCCCTAAGCGAAGTT-1,15,65,7427,14575,94
ATTAATTCGGTCACTC-1,14,66,7175,14720,94
AACAGGAAATCGAATA-1,15,67,7427,14865,94
ACGTTTAGTTGTGATC-1,14,68,7175,15011,94
TCCTTCAGTGGTCGAA-1,15,69,7427,15155,94
CGAACGCCCAGTGCCG-1,14,70,7175,15301,94
CCTCGAAGTGGACGGG-1,15,71,7428,15445,94
CTCTGTTTGAGGATTC-1,14,72,7175,15591,94
TGGGCACGTTCTATGG-1,15,73,7428,15736,94
ACTATTCGTCCGTGGT-1,14,74,7176,15881,94
CCTCTGGCCTAGACGG-1,15,75,7428,16026,94
CCATAAACAACCCGAC-1,14,76,7176,16171,94
CATAGTACATTGAGAG-1,15,77,7428,16316,94
ATTTCATTATTTCGCG-1,14,78,7176,16461,94
CAACTATATCGAATGC-1,15,79,7429,16606,94
CTAGTATTCGGAATTA-1,14,80,7176,16751,94
GTGGAACCTACATGCG-1,15,81,7429,16896,94
CCTAAAGGCTGACGCT-1,14,82,7177,17041,94
CGTGACATTGGGTCGT-1,15,83,7429,17186,94
CCAATCGGTAGATCGA-1,14,84,7177,17331,94
ATTGTCGCAATACCTT-1,15,85,7429,17476,94
AAATTACACGACTCTG-1,14,86,7177,17621,94
CACTCCTCTCGGTCGG-1,15,87,7430,17766,94
AAATAACCATACGGGA-1,14,88,7177,17912,94
AGTTACTCTATCGTGG-1,15,89,7430,18056,94
CGTTAGCTCACAACTG-1,14,90,7178,18202,94
GAATGTATGGCAGGTC-1,15,91,7430,18347,94
GCAACCACCAGACCGG-1,14,92,7178,18492,94
TCACTCGTGCAACGGC-1,15,93,7431,18637,94
AAACAGAGCGACTCCT-1,14,94,7178,18782,94
CAGCCTCTCCTCAAGA-1,15,95,7431,18927,94
TTGCGTGAACGCTTAG-1,14,96,7179,19072,94
CCGCCTGCGAATTGGT-1,15,97,7431,19217,94
CGGTGGGCTCCAGCCT-1,15,99,7431,19507,94
AGAATTGTTTGACATA-1,17,23,7926,8482,94
AAATGCTCGTTACGTT-1,16,24,7674,8628,94
CACCTAATAGAGTCGT-1,17,25,7926,8773,94
CATTTCTAGCAGACTA-1,16,26,7674,8918,94
CCGAAAGTGGTGAGCA-1,17,27,7927,9063,94
AGTCAGCCACCGCCTG-1,16,28,7674,9208,94
TCATCACTCGAGCTCG-1,17,29,7927,9353,94
CTCAGGACTCACCTGT-1,16,30,7675,9498,94
CGGTGTACTTGATCCC-1,17,31,7927,9643,94
CCTACGGCTCAGTCGA-1,16,32,7675,9788,94
GTACTTGGGCACTTCT-1,17,33,7927,9933,94
TGATTTCCTCCTGACG-1,16,34,7675,10078,94
CCTCACCAATCTTGAC-1,17,35,7928,10223,94
GGTGAGATGCAGATAA-1,16,36,7675,10368,94
GCTAGTTTCATTGAGG-1,17,37,7928,10513,94
AGGACATCGCACGTCG-1,16,38,7676,10658,94
GTGGACGTGCTGAGAC-1,17,39,7928,10803,94
TAAGGAACTTGTGGGA-1,16,40,7676,10949,94
TCGCTGTGCGTAAATC-1,17,41,7929,11093,94
GCATCCCTAACTTTGA-1,16,42,7676,11239,94
CACCCACACGTCACCC-1,17,43,7929,11383,94
CCCTCATTCTGGAATT-1,16,44,7676,11529,94
AGGGCGTGATCGGCTA-1,17,45,7929,11674,94
GGTGCGGATAAGTGGC-1,16,46,7677,11819,94
TAATATTGAAATTCGC-1,17,47,7929,11964,94
CTTACACTGGGAAATA-1,16,48,7677,12109,94
ACCAAGAACGCGTGTC-1,17,49,7930,12254,94
GATGCTACAAGCGCCT-1,17,51,7930,12544,94
GTTCCAGTCTGACCAT-1,17,53,7930,12834,94
ATGATCGGGAATAGAC-1,16,54,7678,12979,94
TTGGATTGGGTACCAC-1,17,55,7930,13124,94
TACCTCACGCTTGTAC-1,16,56,7678,13269,94
CATGGCAGGAAGATCG-1,17,57,7931,13414,94
ATGACGCCGGCTCTAA-1,16,58,7678,13560,94
AGCGACATCCCATTCA-1,17,59,7931,13704,94
AGTAATGTCTTGCCGC-1,16,60,7679,13850,94
TTCTTAGTGGCTCAGA-1,17,61,7931,13994,94
CGTCTGGAAGGGCCCG-1,16,62,7679,14140,94
ACGTGCGCCTCGTGCA-1,17,63,7931,14285,94
AGAGCGGGCTAATCAT-1,16,64,7679,14430,94
GCGTCGAAATGTCGGT-1,17,65,7932,14575,94
AACTGATATTAGGCCT-1,16,66,7679,14720,94
CGAGCTGGGCTTTAGG-1,17,67,7932,14865,94
GGGTGTTTCAGCTATG-1,16,68,7680,15010,94
TTAATTTCAGACGCGG-1,17,69,7932,15155,94
ACTGCCGTCGTAACTC-1,16,70,7680,15300,94
GTGCACGAAAGTGACT-1,17,71,7932,15445,94
ATCTCCCTGCAATCTA-1,16,72,7680,15590,94
ACGCCAGATGATTTCT-1,17,73,7933,15735,94
AGCTATTTAATCCAAC-1,16,74,7680,15880,94
GTCGGATGTAGCGCGC-1,17,77,7933,16315,94
TATTTATACCGAGTAG-1,16,78,7681,16461,94
GTAGGTGATCCGTGTA-1,17,79,7933,16605,94
AGTTAAGCGGTCCCGG-1,16,80,7681,16751,94
CTGGCGACATAAGTCC-1,17,81,7934,16896,94
TTGGCCTAGAATTTCG-1,16,82,7681,17041,94
GGCATATCGGTTCTGC-1,17,83,7934,17186,94
GGGCGTCCACTGGCTC-1,16,84,7682,17331,94
TTACCCATTGCCGGGT-1,17,85,7934,17476,94
TTAGACACGATCGTTG-1,16,86,7682,17621,94
GCGCTGATCCAGACTC-1,17,87,7935,17766,94
TTCGGCAACCCGCTGA-1,16,88,7682,17911,94
GATATTTCCTACATGG-1,17,89,7935,18056,94
CTGCGTTACGATATAA-1,16,90,7683,18201,94
TAATAAACAAGGAGAT-1,17,91,7935,18346,94
AACCTTTACGACGTCT-1,16,92,7683,18491,94
AGTCCCGCCTTTAATT-1,17,93,7935,18636,94
TGAGATTAGGCCCTAA-1,16,94,7683,18781,94
AGTGTATTGCGCATTG-1,17,95,7936,18926,94
GTTGGATTCAGTGGCT-1,16,96,7683,19072,94
TAAAGCTGCAATAGGG-1,17,97,7936,19216,94
AGTAGGAAGGAAGTTG-1,16,98,7684,19362,94
TATCACTTCGAGTAAC-1,17,99,7936,19506,94
TGATCTACGCTGATCT-1,16,100,7684,19652,94
GGATCATCCCGTACGC-1,17,101,7936,19797,94
AGCCCTTCTAATCCGA-1,17,103,7937,20087,94
TTGAACGAATCCTTTG-1,19,21,8431,8192,94
GAAATACTAAACGTTT-1,18,22,8178,8337,94
CCCGCGCAATGCACCC-1,19,23,8431,8482,94
TTCGGCTAGAGATGGT-1,18,24,8179,8627,94
GACACGAGTTAGAGGA-1,19,25,8431,8772,94
GAGGTCCCAAAGATCT-1,18,26,8179,8917,94
TAACTCCATGGAGGCT-1,19,27,8431,9062,94
CTTGTTTATGTAGCCA-1,18,28,8179,9207,94
GATGGCGCACACATTA-1,19,29,8432,9352,94
ATAATAGTGTAGGGAC-1,18,30,8179,9498,94
CGCTATTCAATGTATG-1,19,31,8432,9642,94
ATATTGCTGTCAAAGT-1,18,32,8180,9788,94
GGATTCAGTACGGTGG-1,19,33,8432,9932,94
TTCTTAGTGAACGGTG-1,18,34,8180,10078,94
AATGGTTCTCACAAGC-1,19,35,8433,10223,94
TATACACGCAAAGTAT-1,18,36,8180,10368,94
CTTCATAGCTCAAGAA-1,19,37,8433,10513,94
CAACGGTTCTTGATAC-1,18,38,8181,10658,94
ACACCCGAGAAATCCG-1,19,39,8433,10803,94
TCTATCATGCAGTTAC-1,18,40,8181,10948,94
CCCGCCATGCTCCCGT-1,19,41,8433,11093,94
CGCTTCCACTGAAATC-1,18,42,8181,11238,94
CACTGTCCAAGTGAGA-1,19,43,8434,11383,94
ATTACTAGCCTCTTGC-1,18,44,8181,11528,94
CATAGTAGCATAGTAG-1,19,45,8434,11673,94
CAACTCCTTGATCCCG-1,18,46,8182,11818,94
AAGTAGAAGACCGGGT-1,19,47,8434,11963,94
GCGGGAACCAGGCCCT-1,18,48,8182,12109,94
ATTAGATTGATAGCGG-1,19,49,8434,12253,94
CTCGGTCCGTAGCCTG-1,18,50,8182,12399,94
TGGCTTTGGGTAGACA-1,19,51,8435,12543,94
TATCCATATCATGCGA-1,18,52,8182,12689,94
GGAGTGCCGCCCTGGA-1,19,53,8435,12834,94
TGAGAATGCTTTACCG-1,18,54,8183,12979,94
TTAACCAACCCTCCCT-1,19,55,8435,13124,94
TGTTTCGGTACTTCTC-1,18,56,8183,13269,94
TTGCTGAAGGAACCAC-1,19,57,8435,13414,94
TATTTAGTCTAGATCG-1,18,58,8183,13559,94
CTCCGGCCTAATATGC-1,19,59,8436,13704,94
TTGTGGCCCTGACAGT-1,18,60,8183,13849,94
TCGCCGGTCGATCCGT-1,19,61,8436,13994,94
CCATAGGTTGGCGTGG-1,18,62,8184,14139,94
GAACGACCGAATGATA-1,19,63,8436,14284,94
TCCGATAATTGCCATA-1,18,64,8184,14429,94
CATTACGTCGGCCCGT-1,19,65,8436,14574,94
CAAGCACCAAATGCCT-1,18,66,8184,14719,94
TGCATGGATCGGATCT-1,19,67,8437,14864,94
GAAATCGCGCGCAACT-1,18,68,8184,15010,94
CTGAAAGAGATCCGAC-1,19,69,8437,15154,94
CACCTCGATGGTGGAC-1,18,70,8185,15300,94
ATTTGTTCCAGGGCTC-1,19,71,8437,15445,94
TGGGCCACAAGAGCGC-1,18,72,8185,15590,94
CCTTCTTGATCCAGTG-1,19,73,8437,15735,94
CCTCGCCAGCAAATTA-1,18,74,8185,15880,94
TTCATGGCGCAACAGG-1,19,75,8438,16025,94
ATTATACTTTGCTCGT-1,18,78,8186,16460,94
ATGGATCCGGCGTCCG-1,19,79,8438,16605,94
CGCCCGCTTCCGTACA-1,18,80,8186,16750,94
GGATTCCGCTATACCC-1,19,81,8439,16895,94
CGGTCTATCAACCCGT-1,18,82,8186,17040,94
ATGCCGGTTGATGGGA-1,19,83,8439,17185,94
TCATGCAGGTTCTCAT-1,18,84,8187,17330,94
TCCCTTAGATTACTCG-1,18,86,8187,17621,94
ATATCTCCCTCGTTAA-1,19,87,8439,17765,94
AGCTCTTCCCAGTGCA-1,18,88,8187,17911,94
TCGCTAAACCGCTATC-1,19,89,8440,18055,94
CACATTCTTTCGATGG-1,18,90,8187,18201,94
GATATGCGGTAGCCAA-1,19,91,8440,18346,94
CGTTTCACTTCGGGCG-1,18,92,8188,18491,94
CCAATTACGGGTCGAG-1,19,93,8440,18636,94
GCAGGTAGAGTATGGT-1,18,94,8188,18781,94
GTCGTATTGGCGTACA-1,19,95,8440,18926,94
GAAATTAGCACGGATA-1,18,96,8188,19071,94
AATGCACCAAGCAATG-1,19,97,8441,19216,94
AGGACGCTCGATGTTG-1,18,98,8188,19361,94
GGCTAAAGGGCGGGTC-1,19,99,8441,19506,94
CATCTATCCCGTGTCT-1,18,100,8189,19651,94
CAGTAACTATTTATTG-1,19,101,8441,19796,94
CATATACTACTGATAA-1,18,102,8189,19941,94
GCGTTCGGAGACCGGG-1,19,103,8441,20086,94
AAGTTCAGTCTGCGTA-1,18,104,8189,20232,94
CGAAGCTATAAATTCA-1,19,105,8442,20376,94
TAGTACCTTAGTGGTC-1,21,21,8935,8191,94
CTGGCGGGAATAAGTA-1,20,22,8683,8337,94
AGTGTGGTCTATTGTG-1,21,23,8936,8481,94
GCTATCGCGGCGCAAC-1,20,24,8683,8627,94
CAGTAATCCCTCCCAG-1,21,25,8936,8772,94
GTATTAAGGCGTCTAA-1,20,26,8684,8917,94
CTAATTTCAACAACAC-1,21,27,8936,9062,94
TTAGCAACATGGATGT-1,20,28,8684,9207,94
ATGCTCAGTGTTGCAT-1,21,29,8937,9352,94
GATGTTTGTGCGAGAT-1,20,30,8684,9497,94
CACTTCGCCACAGGCT-1,21,31,8937,9642,94
CTGTATGGTGTAGAAA-1,20,32,8685,9787,94
TACGTGCACTATGCTG-1,21,33,8937,9932,94
GTATCAGCTTGGGTTC-1,20,34,8685,10077,94
TAACAAAGGGAGAAGC-1,21,35,8937,10222,94
TTACATCGTGGCCTGG-1,20,36,8685,10367,94
TCTGAACCGGTCGGCT-1,21,37,8938,10512,94
GGCTCGTGCCACCAGC-1,20,38,8685,10658,94
TATAAGTGAGGATAGC-1,21,39,8938,10802,94
GCCCGCGCGTTTGACA-1,20,40,8686,10948,94
TGCTGGTTGGACAATT-1,21,41,8938,11092,94
GCCTAGCGATCTGACC-1,20,42,8686,11238,94
CCATGCTCTGCAGGAA-1,21,43,8938,11383,94
TATAAATCCACAAGCT-1,20,44,8686,11528,94
CGCTCGACATAATGAT-1,21,45,8939,11673,94
CCAATTGAATGTTAAT-1,20,46,8686,11818,94
GCTAATACCGAATGCC-1,21,47,8939,11963,94
TTCAACGACCCGACCG-1,20,48,8687,12108,94
TTCCTCGAGGGTGTCT-1,21,49,8939,12253,94
CAACGACCCGTTTACA-1,20,50,8687,12398,94
CTTGTACTTGTTGACT-1,21,51,8939,12543,94
TCTCTAATAGCTGGTA-1,20,52,8687,12688,94
ATTATGCCATAGGGAG-1,21,53,8940,12833,94
GACAACGCAGCTTACG-1,20,54,8687,12978,94
AGATGACTCGCCCACG-1,21,55,8940,13123,94
GTGCGGGTCTCCAAAT-1,20,56,8688,13268,94
GTACGAGATTGCGACA-1,21,57,8940,13413,94
GTATAGGACTCAGTAG-1,20,58,8688,13559,94
TTGCACGGAGCAGCAC-1,21,59,8940,13703,94
CACAGCTAGGGAGTGA-1,20,60,8688,13849,94
ATACTAGCATGACCCT-1,21,61,8941,13994,94
CCAAGACTTCTGCGAA-1,20,62,8688,14139,94
ACATAATAAGGCGGTG-1,21,63,8941,14284,94
TAATACACAGTAGTAT-1,20,64,8689,14429,94
TCTTGGTAACACCAAA-1,21,65,8941,14574,94
AACTGGGTCCCGACGT-1,20,66,8689,14719,94
ATCACTTCATCCTCGC-1,21,67,8941,14864,94
TGGAAGGATAAAGATG-1,20,68,8689,15009,94
CATGATGCACAATTCT-1,21,69,8942,15154,94
TGCCTGATCAAACGAT-1,20,70,8689,15299,94
ATAGGGATATCCTTGA-1,21,71,8942,15444,94
CACCTAATCAGTTTAC-1,20,72,8690,15589,94
TGTGACTACGCCAGTC-1,21,73,8942,15734,94
CCCGACCATAGTCCGC-1,20,74,8690,15879,94
CGCGCCCGACTTAATA-1,21,75,8943,16024,94
TGCCACCTGGCGAAAC-1,20,76,8690,16170,94
CTGCCAAGGTTGGAAG-1,21,77,8943,16314,94
TTCTTGGAGTAATGAG-1,21,79,8943,16605,94
TACTCTCCGAACAAAT-1,21,81,8943,16895,94
TACGGGATGCTAGCAG-1,21,83,8944,17185,94
AGCTGAAGTAAACCAA-1,20,84,8691,17330,94
CATGGGTCGGGTGTGG-1,21,85,8944,17475,94
CACCCACGAGGCAATT-1,20,86,8692,17620,94
TGCCATTACTAAAGAA-1,21,87,8944,17765,94
CCGTTACGTTAGAACA-1,20,88,8692,17910,94
GCCAGGAGTAACCGAT-1,21,89,8944,18055,94
GGAAAGTGCCCATGCC-1,20,90,8692,18200,94
TCTTACCGGAACTCGT-1,21,91,8945,18345,94
TATGTCAAGACCGACT-1,20,92,8692,18490,94
CCTAACTAAGGCTCTA-1,21,93,8945,18635,94
GCGGTGAACTGCGCTC-1,20,94,8693,18781,94
CCTCGCGCGATATAGG-1,21,95,8945,18925,94
ATCGGCAAGCAGTCCA-1,20,96,8693,19071,94
AGATCGTGCATAAGAT-1,21,97,8945,19215,94
ATTCAGGACCTATTTC-1,20,98,8693,19361,94
AGCTAGAAGCAGAAGT-1,21,99,8946,19506,94
TTCGCTATCTGACGTG-1,20,100,8693,19651,94
TTCCGCAGAGAAATAT-1,21,101,8946,19796,94
CAGTACATTCTCTAAA-1,20,102,8694,19941,94
GTGAAGATTTCAAGTG-1,21,103,8946,20086,94
AACGCATGATCTGGGT-1,20,104,8694,20231,94
CCCAGAGGAGGGCGTA-1,21,105,8946,20376,94
GGAAACCTTGTTGAAT-1,20,106,8694,20521,94
CCGAAGTATATTGTTC-1,22,22,9188,8336,94
GCTAAACCTGAGGTGA-1,23,23,9441,8481,94
TCATACTTACAGATCC-1,22,24,9188,8626,94
CGAGCACTTCAAGTTT-1,23,25,9441,8771,94
TAGCAACCTGTCACAA-1,22,26,9189,8916,94
TGGGAAATGCCTTTCC-1,23,27,9441,9061,94
AGACCATGGGATACAA-1,22,28,9189,9207,94
TAAATGAATCCGTTTC-1,23,29,9441,9351,94
ACAACGGTCCCTGCGA-1,22,30,9189,9497,94
GTCACTCTCCAAATCT-1,23,31,9442,9641,94
TTCTACTTGCGAGGGC-1,22,32,9189,9787,94
CGCAATTACTTTCGGT-1,23,33,9442,9932,94
CTGTTCATCTCACGGG-1,22,34,9190,10077,94
TTCTTGTAACCTAATG-1,23,35,9442,10222,94
GCTTGATGATAATCAG-1,22,36,9190,10367,94
TTGGCTCGCATGAGAC-1,23,37,9442,10512,94
GCCCAGTTGGTATGCC-1,22,38,9190,10657,94
ATTCCTCCGCCAGTGC-1,23,39,9443,10802,94
TCGTCCGCTGGCGTCT-1,22,40,9190,10947,94
GGAGAAGTCATTGGCA-1,23,41,9443,11092,94
TTGTTAGCAAATTCGA-1,22,42,9191,11237,94
TCTAGCATCTTCGATG-1,23,43,9443,11382,94
TTCTAGGCCAATTGTG-1,22,44,9191,11527,94
TCACGGTCATCGCACA-1,23,45,9443,11672,94
ATGAAGCCAAGGAGCC-1,22,46,9191,11818,94
AATGACTGTCAGCCGG-1,23,47,9444,11962,94
CCAAACAGAACCCTCG-1,22,48,9191,12108,94
TATCGATGATTAAACG-1,23,49,9444,12252,94
GAACACACATCAACCA-1,22,50,9192,12398,94
CCCGTCAGCGTCTGAC-1,23,51,9444,12543,94
AGCATCGTCGATAATT-1,22,52,9192,12688,94
GACTAAGATCATGCAC-1,23,53,9444,12833,94
TAGGGTGTTTCAAGAG-1,22,54,9192,12978,94
TGGTTCGTAGCAAAGG-1,23,55,9445,13123,94
CTGTTCACTGCCTGTG-1,22,56,9192,13268,94
ATGTGCATCCGACGCA-1,23,57,9445,13413,94
TTGTCGTTCAGTTACC-1,22,58,9193,13558,94
CGGGATCAATGTAAGA-1,23,59,9445,13703,94
TTATCTGTATCATAAC-1,22,60,9193,13848,94
ATCGACTCTTTCCGTT-1,23,61,9445,13993,94
CTCATTTGATGGGCGG-1,22,62,9193,14138,94
GTAAGCGGGCAGTCAG-1,23,63,9446,14283,94
TCTATCGGTCGCAACA-1,22,64,9193,14428,94
AACGCGGTCTCCAGCC-1,23,65,9446,14573,94
ATTAATACTACGCGGG-1,22,66,9194,14719,94
CTTTAACTTTCAAAGG-1,23,67,9446,14863,94
CGTACCTGATAGGCCT-1,22,68,9194,15009,94
GAATGTTGGGTAATCT-1,23,69,9447,15154,94
TGCGGAGTAAAGGTGC-1,22,70,9194,15299,94
CCTGAATATTTACATA-1,23,71,9447,15444,94
TTGCTCCCATACCGGA-1,22,72,9195,15589,94
CCTCTAATCTGCCAAG-1,23,73,9447,15734,94
AGGTTGAGGCACGCTT-1,22,74,9195,15879,94
TCCCGTCAGTCCCGCA-1,23,75,9447,16024,94
TCCGATGACTGAGCTC-1,22,76,9195,16169,94
CAGCCTCCTGCAGAGG-1,23,77,9448,16314,94
CTTAGCCTTCCACATG-1,22,78,9195,16459,94
ATTAATGAACCAGTCG-1,23,79,9448,16604,94
ACGATACATAGAACTA-1,22,80,9196,16749,94
AGCCACTCCCGTGCTT-1,23,81,9448,16894,94
ATACGGGTTTCGATTG-1,22,82,9196,17039,94
CTGTCAAATGGCTCGG-1,23,83,9448,17184,94
GCTCGGAATTTAAAGC-1,22,84,9196,17330,94
TAGGCATGTTACGCCA-1,23,85,9449,17474,94
TGGCAACTCGCGCGCC-1,22,86,9196,17620,94
ATCAGTAGGCAGGGAT-1,23,87,9449,17764,94
TATCGATCTATGCATA-1,22,88,9197,17910,94
CGACTCAGGATGTTAT-1,23,89,9449,18055,94
GCCATATTGCACACAG-1,22,90,9197,18200,94
AATTCATAAGGGATCT-1,23,91,9449,18345,94
CGGTAGAGGTGCAGGT-1,22,92,9197,18490,94
AATGATGATACGCTAT-1,23,93,9450,18635,94
CTTGTGCTCACCGATT-1,22,94,9197,18780,94
TTCCAATCAGAGCTAG-1,23,95,9450,18925,94
CGATGGACCCTACGCC-1,22,96,9198,19070,94
GGTCGGATAAACGGCG-1,23,97,9450,19215,94
TTAGCTAATACGATCT-1,22,98,9198,19360,94
CTCGATATTTGCGAGC-1,23,99,9450,19505,94
ATTACTTACTGGGCAT-1,22,100,9198,19650,94
CTAGCCGATGTTATGA-1,23,101,9451,19795,94
TACTGCAATCAATTAC-1,22,102,9198,19941,94
TAGTCTGTGACGTTGC-1,23,103,9451,20085,94
CTCGTTTCTAATGTTT-1,22,104,9199,20231,94
TTCGTTCAACGAAGTT-1,23,105,9451,20375,94
CTGAATTTATTGCCAG-1,22,106,9199,20521,94
TGGAATATCCTTGACC-1,23,107,9451,20666,94
CAGATCATTTAAAGTC-1,22,108,9199,20811,94
TTAACACCTCGAACAT-1,24,22,9693,8336,94
GATTCCTATACGGCGC-1,25,23,9945,8481,94
TTACCCTAACAGTCCT-1,24,24,9693,8626,94
ACCCACCTACATGCTC-1,25,25,9946,8771,94
AAAGGGCAGCTTGAAT-1,24,26,9693,8916,94
CACACAGGGATAGATT-1,25,27,9946,9061,94
AGAGCGTACAAGCTCG-1,24,28,9694,9206,94
TCTTACGGCATCCGAC-1,25,29,9946,9351,94
GCCTATTCCGATATAG-1,24,30,9694,9496,94
GAAAGTGACTAACTGC-1,25,31,9946,9641,94
CCGGAATGGTTTCAGT-1,24,32,9694,9786,94
AGTATAATACTAGGCA-1,25,33,9947,9931,94
TAACTATCGAAGGTCC-1,24,34,9694,10076,94
ATGAGGAGTGTTAATC-1,25,35,9947,10221,94
TGTGTCGCGAGTTGCA-1,24,36,9695,10367,94
ATCCAACGCAGTCATA-1,25,37,9947,10511,94
AAGGCGCGTAAAGCTT-1,24,38,9695,10657,94
AGTCGGCCCAAACGAC-1,25,39,9947,10801,94
AACGTCAGACTAGTGG-1,24,40,9695,10947,94
ACTACCAGCTCTCTGG-1,25,41,9948,11092,94
GCAAGTGCACAGAGAA-1,24,42,9695,11237,94
ACACCTTAAGTAGGGC-1,25,43,9948,11382,94
TTCGACGGGAAGGGCG-1,24,44,9696,11527,94
TTCGCACTCGCGTGCT-1,25,45,9948,11672,94
TATTTGTTACCCTTTA-1,24,46,9696,11817,94
CGCTGTGACGCCGCAC-1,25,47,9948,11962,94
GTTGCACGGAGTTTCG-1,24,48,9696,12107,94
GTTTCCTGGAGGGTGA-1,25,49,9949,12252,94
ACACCCAGCATGCAGC-1,24,50,9696,12397,94
TCAACCATGTTCGGGC-1,25,51,9949,12542,94
TTACAACTACGCATCC-1,24,52,9697,12687,94
TCCGATGGTGCGACAT-1,25,53,9949,12832,94
GGGCGTACATTTATAT-1,24,54,9697,12977,94
AGCGACCAACGATATT-1,25,55,9949,13122,94
ACACAAAGACGGGTGG-1,24,56,9697,13268,94
ATCGCACGCCGGGAGA-1,25,57,9950,13412,94
GCTCTAAACCCTGACG-1,24,58,9697,13558,94
AATGCAACCGGGTACC-1,25,59,9950,13703,94
TCAAACAACCGCGTCG-1,24,60,9698,13848,94
TATGCTCCCTACTTAC-1,25,61,9950,13993,94
AAAGGGATGTAGCAAG-1,24,62,9698,14138,94
ACGATCATACATAGAG-1,25,63,9951,14283,94
TTGTTCAGTGTGCTAC-1,24,64,9698,14428,94
ATGCATGATCCAGGAT-1,25,65,9951,14573,94
AGTCTTCTCCTCAAAT-1,24,66,9699,14718,94
GATTCCCTTGTCGCAG-1,25,67,9951,14863,94
CTCGCACCTATATAGT-1,24,68,9699,15008,94
ACTCAATAAAGGCACG-1,25,69,9951,15153,94
AACCGAGCTTGGTCAT-1,24,70,9699,15298,94
TAAGGCAACATAAGAT-1,25,71,9952,15443,94
CACGCACAGCGCAGCT-1,24,72,9699,15588,94
GGTTTACAATCTCAAT-1,25,73,9952,15733,94
TGCAGGATCGGCAAAG-1,24,74,9700,15879,94
ATAACGGAGTCCAACG-1,25,75,9952,16023,94
AACGATATGTCAACTG-1,24,76,9700,16169,94
GACAACGACCATTGAA-1,25,77,9952,16313,94
TTGACCATGTTCTCCG-1,24,78,9700,16459,94
AGTACGGGCACCTGGC-1,25,79,9953,16604,94
CGCCATCCGATTATGA-1,24,80,9700,16749,94
AAGGTATCCTAATATA-1,25,81,9953,16894,94
TGTTGTCAAGAAGTCT-1,24,82,9701,17039,94
CAGTGAATAAATGACT-1,25,83,9953,17184,94
CACCTTGCGAAACTCG-1,24,84,9701,17329,94
CATTTAGCGGACCATG-1,25,85,9953,17474,94
CCAGTCTAGACGGCGC-1,24,86,9701,17619,94
TCGCTTTAAACGTTTG-1,25,87,9954,17764,94
GTGAAACGGCGCCACC-1,24,88,9701,17909,94
GGGCTCATCGAACCCA-1,25,89,9954,18054,94
TTGATGTGTAGTCCCG-1,24,90,9702,18199,94
CAGTAGCCCACGCGGT-1,25,91,9954,18344,94
AGCGCGGGTGCCAATG-1,24,92,9702,18490,94
TAATCGATCCGTACGT-1,25,93,9954,18634,94
AGTGGCGGCAATTTGA-1,24,94,9702,18780,94
CCTTTCAATGAAGAAA-1,25,95,9955,18924,94
CTCAGTCACGACAAAT-1,24,96,9702,19070,94
ATAGGCTAGCTTCGCA-1,25,97,9955,19215,94
CGGTTCAAGTAGGTGT-1,24,98,9703,19360,94
CAGTCGAGGATGCAAT-1,25,99,9955,19505,94
TATCACCCAACCGACC-1,24,100,9703,19650,94
AATGATGCGACTCCTG-1,25,101,9956,19795,94
TGGAACCACTGACACA-1,24,102,9703,19940,94
GCCAATAGGGCATCTC-1,25,103,9956,20085,94
TTCTTTGGTCGCGACG-1,24,104,9703,20230,94
ATTAGATTCCTCAGCA-1,25,105,9956,20375,94
CCGTGGAACGATCCAA-1,24,106,9704,20520,94
GGGTCGTGGCAAGTGT-1,25,107,9956,20665,94
TCGCTCGGCACCAGCG-1,24,108,9704,20810,94
ACGCAATCACTACAGC-1,25,109,9957,20955,94
CTCTAATGCATTGATC-1,24,110,9704,21100,94
TTAAACCTGGTTCCTT-1,26,12,10196,6885,94
GCTAAGTAAAGGCGAT-1,27,13,10449,7030,94
GACTGCGGCACGTGTA-1,27,15,10449,7320,94
TGGTGATCGTATTTGT-1,26,16,10197,7465,94
TTATCGCCTGCGAAGC-1,27,17,10449,7610,94
GGTGCTGATCACAAAG-1,27,21,10450,8190,94
CATAGCCGCCCGGGAT-1,26,22,10198,8335,94
GGTTAGTTACGGCGCC-1,27,23,10450,8480,94
ATTCCCACATAAACAA-1,26,24,10198,8625,94
ATTCAGTAGCAGGGTC-1,27,25,10450,8770,94
CAGTTCCGCGGGTCGA-1,26,26,10198,8916,94
AAGAGATGAATCGGTA-1,27,27,10451,9060,94
CGCAATTCTACAATAA-1,26,28,10198,9206,94
TAACGCTTTGAGAGCG-1,27,29,10451,9350,94
AGGCTATGGTTAGCTT-1,26,30,10199,9496,94
GAGGAATGGAGAGGTT-1,27,31,10451,9641,94
TCCTCTACGAGATGGC-1,26,32,10199,9786,94
TTGATTATGCAGATGA-1,27,33,10451,9931,94
TCAGTACTGACCCGCG-1,26,34,10199,10076,94
TTATGACAAACTGGAT-1,27,35,10452,10221,94
GTAAGTAGGGTATACC-1,26,36,10199,10366,94
CGCAAACACGAGTTAC-1,27,37,10452,10511,94
TGGCCGTATATTGACC-1,26,38,10200,10656,94
ACTGTAGCACTTTGGA-1,27,39,10452,10801,94
GCTCTATGTTACGTGC-1,26,40,10200,10946,94
TGCGCGATTAACGGAG-1,27,41,10452,11091,94
GAATCGACATGGTCAC-1,26,42,10200,11236,94
GACTAAGTAGGCTCAC-1,27,43,10453,11381,94
ATCTTGACCTGCAACG-1,26,44,10200,11526,94
ATGCACTACCGCATTG-1,27,45,10453,11671,94
CAGATACTAACATAGT-1,26,46,10201,11817,94
GATCGACACTATCTGA-1,27,47,10453,11961,94
ATAGAGTACTGGGACA-1,26,48,10201,12107,94
CCTACTGCTTACACTT-1,27,49,10453,12252,94
CCTGCTATTTGAGAAG-1,26,50,10201,12397,94
CGCGTTCATGAAATAC-1,27,51,10454,12542,94
CATTATGCTTGTTGTG-1,26,52,10201,12687,94
CCAGGGACGTGGCCTC-1,27,53,10454,12832,94
TATGGATGTGCTACGC-1,26,54,10202,12977,94
GTACTAAGATTTGGAG-1,27,55,10454,13122,94
AGACCCGCCCTCCTCG-1,26,56,10202,13267,94
CGCATTAGCTAATAGG-1,27,57,10455,13412,94
GCTCTCGGGTACCGAA-1,26,58,10202,13557,94
CACCGCCAGAAGGTTT-1,27,59,10455,13702,94
TCCCAAAGACGAAGGA-1,26,60,10203,13847,94
ATGGATTGACCAAACG-1,27,61,10455,13992,94
GTCATGGACATGACTA-1,26,62,10203,14137,94
CTACTGCCACCTGACC-1,27,63,10455,14282,94
TTATATTTGGCAATCC-1,26,64,10203,14428,94
AGCACCAGTACTCACG-1,27,65,10456,14572,94
CATGGTCTAGATACCG-1,26,66,10203,14718,94
TCTACCGTCCACAAGC-1,27,67,10456,14862,94
CTAGTTGGGCCCGGTA-1,26,68,10204,15008,94
TCCCGCGTACTCCTGG-1,27,69,10456,15153,94
CAGAGCATGAGCTTGC-1,26,70,10204,15298,94
ACACGGGAACTTAGGG-1,27,71,10456,15443,94
GGCTCTGCTCCAACGC-1,26,72,10204,15588,94
AGAACGTGGTACATTC-1,27,73,10457,15733,94
CAATAAACCTTGGCCC-1,26,74,10204,15878,94
ACTTCGCCATACGCAC-1,27,75,10457,16023,94
ATCTGGTTAAGACTGT-1,26,76,10205,16168,94
TCGTAAGACGACATTG-1,27,77,10457,16313,94
GTGTACCTTGGCTACG-1,26,78,10205,16458,94
GCCCGTAATACCTTCT-1,27,79,10457,16603,94
CGGTCAAGTGGGAACC-1,26,80,10205,16748,94
TTGTAAGGCCAGTTGG-1,27,81,10458,16893,94
GGAGCACCAAGAACTA-1,26,82,10205,17039,94
TAATAGTGACGACCAG-1,27,83,10458,17183,94
CTAAATCCTATTCCGG-1,26,84,10206,17329,94
CGAGTTCTGTCCCACC-1,27,85,10458,17473,94
AGGCAGATGCGTAAAC-1,26,86,10206,17619,94
AAGGATGAGGGACCTC-1,27,87,10458,17764,94
AGAGAACCGTCTAGGA-1,26,88,10206,17909,94
GAGGGCGCAGCTCTGC-1,27,89,10459,18054,94
AAGATTGGCGGAACGT-1,26,90,10206,18199,94
CCAGTAGTCTGATCCA-1,27,91,10459,18344,94
AAGGGACAGATTCTGT-1,26,92,10207,18489,94
ATAGAGTTATCAACTT-1,27,93,10459,18634,94
AAATTACCTATCGATG-1,26,94,10207,18779,94
GATCCTAAATCGGGAC-1,27,95,10460,18924,94
TTACAGACCTAAATGA-1,26,96,10207,19069,94
CCTCACCTTAGCATCG-1,27,97,10460,19214,94
CATGCGACCAGTTTAA-1,26,98,10208,19359,94
AACATATCAACTGGTG-1,27,99,10460,19504,94
CTATAAGAGCCAATCG-1,26,100,10208,19649,94
AATATCGAGGGTTCTC-1,27,101,10460,19794,94
GTACTCCTGGGTATGC-1,26,102,10208,19940,94
ATAAGTAGGATTCAGA-1,27,103,10461,20084,94
AGGTCGCGGAGTTACT-1,26,104,10208,20230,94
CTAATTCTCAGATATT-1,27,105,10461,20375,94
GCCAACCATTTCCGGA-1,26,106,10209,20520,94
TGATCCCAGCATTAGT-1,27,107,10461,20665,94
CGTTGTAAGATTGATT-1,26,108,10209,20810,94
GAAACCATGGTGCGCT-1,27,109,10461,20955,94
AATCTATGCCGGAGCC-1,26,110,10209,21100,94
GACTCCCAGAATAAGG-1,27,111,10462,21245,94
AGGGTGGATAGTGCAT-1,29,11,10953,6739,94
TGATAGCGGGATTCTA-1,28,12,10701,6884,94
GTCAGTTTGGTAGTCG-1,29,13,10954,7029,94
GCATTCGAAATGAACA-1,28,14,10701,7174,94
AAAGACTGGGCGCTTT-1,29,15,10954,7319,94
TAACAATATTTGTTGC-1,28,16,10702,7465,94
CCAGCTTCCGCCCGCA-1,29,17,10954,7609,94
GATATGGATTACGCGG-1,28,18,10702,7755,94
AGAGCAGTTATGAGAC-1,29,19,10954,7899,94
TCACATCTTATCTGAT-1,28,20,10702,8045,94
TATGAAGACAGGTGCG-1,29,21,10955,8190,94
TACCTGCTGCACTGTG-1,28,22,10702,8335,94
TAGGTCCAAGTAAGGA-1,29,23,10955,8480,94
GAAACTCGTGCGATGC-1,28,24,10703,8625,94
AACAATTACTCTACGC-1,29,25,10955,8770,94
CCGCACGTGACCTCGG-1,28,26,10703,8915,94
AACTTGCCCGTATGCA-1,29,27,10955,9060,94
GGGTATGTATGCACTT-1,28,28,10703,9205,94
TTCGTACTCCAGAACG-1,29,29,10956,9350,94
GAATTTCTCGCTGCAG-1,28,30,10703,9495,94
AACAGGATGGGCCGCG-1,29,31,10956,9640,94
GACGTGTAGGGATTAT-1,28,32,10704,9785,94
TAGGTGAGCCCTACTC-1,29,33,10956,9930,94
CTAATTCGCACGCGCT-1,28,34,10704,10075,94
GAAGCTTGCTGACCGC-1,29,35,10956,10220,94
GGTTAGGCTTGGAGAA-1,28,36,10704,10366,94
ACAAGGACAAGAGGTT-1,29,37,10957,10510,94
AGGCCACCCGTTATGA-1,28,38,10704,10656,94
GTGGGCTTAGACACAC-1,29,39,10957,10801,94
CGTGTCCCATTCGCGA-1,28,40,10705,10946,94
TGGAGTGATGCGATGA-1,29,41,10957,11091,94
AACAACTGGTAGTTGC-1,28,42,10705,11236,94
CCTGGCTAGACCCGCC-1,29,43,10957,11381,94
CGCAATTAGGGTAATA-1,28,44,10705,11526,94
TCGAAATTTAGGACCA-1,29,45,10958,11671,94
AGACTAGCCTTCCAGA-1,28,46,10705,11816,94
TTGATCTAACTTTGTC-1,29,47,10958,11961,94
AAGGAGCGGTTGGTGC-1,28,48,10706,12106,94
ACTTGGGACCCGGTGG-1,29,49,10958,12251,94
TGATCTCCGGCGCCAG-1,28,50,10706,12396,94
CAGTTCAAATTGACAC-1,29,51,10959,12541,94
GTCCGGCTGAATTGCG-1,28,52,10706,12686,94
CTGGAAATGGATGCTT-1,29,53,10959,12831,94
TGATCGGTTTGACCCT-1,28,54,10707,12977,94
TAGAGTCTAAGCGAAC-1,29,55,10959,13121,94
GAGACTGATGGGTAGA-1,28,56,10707,13267,94
TAGCTAAGTCCGGGAG-1,29,57,10959,13412,94
GGGCGATATGTGTGAA-1,28,58,10707,13557,94
CTCGAGGTCGAACAGT-1,29,59,10960,13702,94
GATCCCTTTATACTGC-1,28,60,10707,13847,94
GTCATGCACCTCCGTT-1,29,61,10960,13992,94
ACTTTCCTATAGCTTC-1,28,62,10708,14137,94
TCGCTCGATATATTCC-1,29,63,10960,14282,94
ATAGGTTGGGCAGATG-1,28,64,10708,14427,94
CAATTAAGGGTGATGA-1,29,65,10960,14572,94
ACCGACTGAGTCCCAC-1,28,66,10708,14717,94
CCTGTCACCCGGGCTC-1,29,67,10961,14862,94
GATCGGTGGCCATAAC-1,28,68,10708,15007,94
CCTATGGGTTACCGTC-1,29,69,10961,15152,94
TTGGGACACTGCCCGC-1,28,70,10709,15297,94
CGAGGCTAAATATGGC-1,29,71,10961,15442,94
TCAGGGTGTAACGTAA-1,28,72,10709,15588,94
CGAGAGATGTGAACCT-1,29,73,10961,15732,94
TCGCTGGGCGGATTGT-1,28,74,10709,15878,94
AGATCTCAGGTGTGAT-1,29,75,10962,16022,94
TGGCCAAACTGAAGTA-1,28,76,10709,16168,94
GCTTCCGTCCCTAGAC-1,29,77,10962,16313,94
CAGCAGCCCGTTCCTT-1,28,78,10710,16458,94
TGTATAACAGATCCTG-1,29,79,10962,16603,94
CGCGGGAATTAGGCAG-1,28,80,10710,16748,94
TGCATGTGGTAATCTA-1,29,81,10962,16893,94
ACAATTTGAGCAGTGG-1,28,82,10710,17038,94
GAGCTAAGGGCATATC-1,29,83,10963,17183,94
CCAGATAGTTGAGTGA-1,28,84,10710,17328,94
CCACAATGTACGTCTT-1,29,85,10963,17473,94
CAATGGATCTCTACCA-1,28,86,10711,17618,94
TGTGGCAAAGCGTATG-1,29,87,10963,17763,94
TAAAGCGTTAGGAGAA-1,28,88,10711,17908,94
TCCGTTTAGCCTTGAA-1,29,89,10964,18053,94
CAGCTCGACAAGTTAA-1,28,90,10711,18199,94
GCCTATAGTGTCAGGG-1,29,91,10964,18343,94
ATAGACAACGGGACCT-1,28,92,10712,18489,94
CTACTATCTTTCAGAG-1,29,93,10964,18633,94
GCGCTGCTTTGCATTT-1,28,94,10712,18779,94
GCGCATCCAGTCAGCA-1,29,95,10964,18924,94
GACTCGCGGGAATGAC-1,28,96,10712,19069,94
CTGGTAACGAGCTCTT-1,29,97,10965,19214,94
TCCGGCCTAGCGTACA-1,28,98,10712,19359,94
TCTAGGTGGCGACGCT-1,29,99,10965,19504,94
ACGCTAGTGATACACT-1,28,100,10713,19649,94
ATCTGCACCTCTGCGA-1,29,101,10965,19794,94
CCTCACCTGAGGGAGC-1,28,102,10713,19939,94
AGTGAGCCTCGCCGCC-1,29,103,10965,20084,94
ACGAGTACGGATGCCC-1,28,104,10713,20229,94
GGTACCATTAAGACGG-1,29,105,10966,20374,94
TTCTGCTAGACTCCAA-1,28,106,10713,20519,94
TAACTATTACGCCAAA-1,29,107,10966,20664,94
GCATTCAAGGCAACGC-1,28,108,10714,20809,94
AGTACATCATTTATCA-1,29,109,10966,20954,94
GTCGTGTCTGGTCATC-1,28,110,10714,21100,94
AGTCTAAAGTATACTC-1,29,111,10966,21244,94
CGGCCCAACCTGTAGT-1,28,112,10714,21390,94
AGGGAGACATACTTCG-1,29,113,10967,21535,94
ATACTTGTTCTCGAGC-1,30,10,11206,6594,94
CACGGGATTGAGGGTT-1,31,11,11458,6739,94
GTTAATGTCTATCTTA-1,30,12,11206,6884,94
GCGTTATATTTGGAAC-1,31,13,11458,7029,94
CGTCAAGGCTATAAAT-1,30,14,11206,7174,94
TTAGCTCTGTAATCCG-1,31,15,11459,7319,94
AATGGTCCACCGTTCA-1,30,16,11206,7464,94
GTCATTGCATTGACCC-1,31,17,11459,7609,94
TGTCCGTGGCGCCTTT-1,30,18,11207,7754,94
TCAACTAACGTATAAC-1,31,19,11459,7899,94
TCCTCTCCAGTTGTCC-1,30,20,11207,8044,94
TGTGTTCGTATCCAAG-1,31,21,11459,8189,94
CCGCGTAGGTAAGGGC-1,30,22,11207,8334,94
CTGCGGGTGAAATGTT-1,31,23,11460,8479,94
TATCTACAGAGGTAAT-1,30,24,11207,8624,94
CTACTCTAGGCCCGGC-1,31,25,11460,8769,94
ACAAGCAGTGCCTAGC-1,30,26,11208,8915,94
TACAAGTCTCGTGCAT-1,31,27,11460,9059,94
TCGGAATGCGCTCTGA-1,30,28,11208,9205,94
TCGCGTCCAGAAGGTC-1,31,29,11460,9350,94
TATGGCCCGGCCTCGC-1,30,30,11208,9495,94
GCTGGCATATTCACCT-1,31,31,11461,9640,94
GTCAGAATAGTCTATG-1,30,32,11208,9785,94
GGCGTCCTATCCGCTG-1,31,33,11461,9930,94
CGGAGTTTGAGAGACA-1,30,34,11209,10075,94
AGCACTTAAGGACGCC-1,31,35,11461,10220,94
TCCACAATGGTTTACG-1,30,36,11209,10365,94
CCAACGATGCACTGAT-1,31,37,11461,10510,94
ATTTACAGTTTACTGG-1,30,38,11209,10655,94
CCCTGAAATGAGTTGA-1,31,39,11462,10800,94
CAAACGGTCGCACTTT-1,30,40,11209,10945,94
TGATTCGTCTATCACT-1,31,41,11462,11090,94
TCAGGTTCTTTGAGAA-1,30,42,11210,11235,94
CACGCAGCGAGGCTTT-1,31,43,11462,11380,94
TTAAGCGCCTGACCCA-1,30,44,11210,11526,94
CTTACACGGTATTCCA-1,31,45,11463,11670,94
AAGGCTGTGCTCATCG-1,30,46,11210,11816,94
GACCAGAGCCCTGTAG-1,31,47,11463,11961,94
TCCCAGGCTTAGCTAA-1,30,48,11211,12106,94
ATTGAAGATCTTAGTG-1,31,49,11463,12251,94
AGTTCCTACAGAATTA-1,30,50,11211,12396,94
GAAATGGCGGTGTTAG-1,30,52,11211,12686,94
TACGAACACGACTTCA-1,31,53,11464,12831,94
ACCACAAGTTTCTATC-1,30,54,11211,12976,94
ATATTTAACCCTCAAG-1,31,55,11464,13121,94
GATCATTCCAAACATT-1,30,56,11212,13266,94
TCCAGGCGAGTACGGT-1,31,57,11464,13411,94
GTTTGACCAAATCCTA-1,30,58,11212,13556,94
CACAGCACCCACGGCA-1,31,59,11464,13701,94
TGCAAGAATGACGTAA-1,30,60,11212,13846,94
GCGAAGCCATACCCGT-1,31,61,11465,13991,94
TCCTTTCTTACGCTTA-1,30,62,11212,14137,94
GCTGCTCTCCGGACAC-1,31,63,11465,14281,94
ACTGTCTTCTTTAGAA-1,30,64,11213,14427,94
TCAAACTTAGATTGTT-1,31,65,11465,14571,94
CTATGTCACTAGCCCA-1,30,66,11213,14717,94
TGCGCAAAGCATTTGG-1,31,67,11465,14862,94
TTAATGTAGACCAGGT-1,30,68,11213,15007,94
GGCGGTAGGATCATTG-1,31,69,11466,15152,94
GGCAATAGTCAATGAG-1,30,70,11213,15297,94
ACACGAGACTCCTTCT-1,31,71,11466,15442,94
GACACAAGGGAAGAAA-1,30,72,11214,15587,94
TCAGCAAATGCATCTC-1,31,73,11466,15732,94
GAGATCTGTCACTCCG-1,30,74,11214,15877,94
ATGCCGGTCTTGCATA-1,31,75,11466,16022,94
TTGGGCGGCGGTTGCC-1,30,76,11214,16167,94
TTGTTGTGTGTCAAGA-1,31,77,11467,16312,94
ACTGTACGATACACAT-1,30,78,11214,16457,94
TCCACTTTATCTAGGT-1,31,79,11467,16602,94
GGTCTGAGAATCTGGA-1,30,80,11215,16748,94
TAGAAAGGTGGCGCTA-1,31,81,11467,16892,94
TATGTCTCATTGTGCC-1,30,82,11215,17038,94
GGATTTCACTTCTATA-1,31,83,11468,17182,94
TGAGTGGTCCGTGACG-1,30,84,11215,17328,94
CGCTTTCTTGCATTCG-1,31,85,11468,17473,94
ACCCAACGCCCGTGGC-1,30,86,11216,17618,94
GAACGTCTCATGGTCG-1,31,87,11468,17763,94
AGGGTTCCCTTTGGTT-1,30,88,11216,17908,94
GTAGCTTCCTCTTGTT-1,31,89,11468,18053,94
GCATGAGGGACGCGGC-1,30,90,11216,18198,94
CTACCCTAAGGTCATA-1,31,91,11469,18343,94
TCACCGCTCGGCACTC-1,30,92,11216,18488,94
GGCTCGCGTTGAGGTA-1,31,93,11469,18633,94
CTAACGAAACTTGCTG-1,30,94,11217,18778,94
TTAAACTCGAATTCAT-1,31,95,11469,18923,94
TACTTTACTGAGCCGG-1,30,96,11217,19068,94
GCTTGGATCGATTAGG-1,31,97,11469,19213,94
CGGTTATCCAACAGTG-1,30,98,11217,19358,94
CAGACCTGTAAGTGTT-1,31,99,11470,19503,94
GACGGTCAATAGAAGC-1,30,100,11217,19649,94
CTGACTGCGCAGCTCG-1,31,101,11470,19793,94
CCATACCTTTACTTGT-1,30,102,11218,19939,94
GTAATAAAGGGCTCCC-1,31,103,11470,20084,94
GTGAACTCCCATTCGA-1,30,104,11218,20229,94
GTGGTTACTTCTTTCG-1,31,105,11470,20374,94
TCAGAACCTCCACAGG-1,30,106,11218,20519,94
TCCCACTCTCTTCCGG-1,31,107,11471,20664,94
ATCTTGACTTGTCCAA-1,30,108,11218,20809,94
TCGGGAACGTGCCTAG-1,31,109,11471,20954,94
GTTAGCCGTAAATCAA-1,30,110,11219,21099,94
ATTTACTAAGTCCATT-1,31,111,11471,21244,94
GGGTGCATATGAAAGC-1,30,112,11219,21389,94
TCCGAATGGTCCTGAG-1,31,113,11471,21534,94
ATGGCAGCCGAGAAAC-1,33,9,11963,6448,94
CCTCGGATGCTACCTG-1,32,10,11710,6593,94
ATACGGTGAAGATGCA-1,33,11,11963,6738,94
ACATCAGCTGGGACGC-1,32,12,11711,6883,94
GGTTGTGTAGCCTGGC-1,33,13,11963,7028,94
CCTGCGTTCTACGCTT-1,32,14,11711,7174,94
GAACGTTAGGAAGACG-1,33,15,11963,7318,94
CTGATAGTGTATCTCA-1,32,16,11711,7464,94
TTCTGCGAGCGCCCTT-1,33,17,11964,7608,94
CTTTGGCGCTTTATAC-1,32,18,11711,7754,94
TCCGAACTTGGCTTAC-1,33,19,11964,7899,94
TAGATTCCTGGTTATT-1,32,20,11712,8044,94
CCGACAAAGGGAGTGC-1,33,21,11964,8189,94
CCATGGCCCTTGTACC-1,32,22,11712,8334,94
GAAATATCACCATCAG-1,33,23,11964,8479,94
ACGAAATGGGCGGCAC-1,32,24,11712,8624,94
GTGAGCGTGCTGCACT-1,33,25,11965,8769,94
CCGCGGGTACGAAGAA-1,32,26,11712,8914,94
TCCCTGGCTCGCTGGA-1,33,27,11965,9059,94
CAGCTTAGTAGGTAGC-1,32,28,11713,9204,94
CACGAAAGTTAGTCCC-1,33,29,11965,9349,94
ACCTAATCGACTTCCT-1,32,30,11713,9494,94
AAGTAGTGACGCGAGG-1,33,31,11965,9639,94
TCCGATTACATTGCCG-1,32,32,11713,9784,94
CCTCCGACAATTCAAG-1,33,33,11966,9929,94
GTTCACAGGAGTCTAG-1,32,34,11713,10075,94
CGAAGTTGCTCTGTGT-1,33,35,11966,10219,94
GTCGGATATCTCAGAC-1,32,36,11714,10365,94
CGCTCTCCGTAGATTA-1,33,37,11966,10510,94
CAAGCAACGTCGGAGT-1,32,38,11714,10655,94
CCATTCCCTGCCCACA-1,33,39,11967,10800,94
CTTTGGCTTTAGTAAA-1,32,40,11714,10945,94
GGCTATTAAGTTGTAT-1,33,41,11967,11090,94
CCATTAGCGATAATCC-1,32,42,11715,11235,94
TGTTCTTCCATTGACT-1,33,43,11967,11380,94
AGATAACTTCAGGGCC-1,32,44,11715,11525,94
ATAGACGAAGAGAAAG-1,33,45,11967,11670,94
GGCGGAGTAATATTAG-1,32,46,11715,11815,94
TGACCCACGTTAGACA-1,33,47,11968,11960,94
TCACAGGTTATTGGGC-1,32,48,11715,12105,94
TCACGCATTGTAGATC-1,33,49,11968,12250,94
TTGAAGAATTCCCAGG-1,32,50,11716,12395,94
AAATGGTCAATGTGCC-1,33,51,11968,12540,94
TAGTGCCCTCCAGAGT-1,32,52,11716,12686,94
GGTATTGCCGAGTTTA-1,33,53,11968,12830,94
CGTATTAAGAGATCTA-1,32,54,11716,12976,94
ACTGTCCAGGATTATA-1,33,55,11969,13120,94
CGGGCAGCTAAACCGC-1,32,56,11716,13266,94
TTGCTGATCATGTTCG-1,33,57,11969,13411,94
TATGGGTACGTATCGT-1,32,58,11717,13556,94
CAGCTCACTGAGACAT-1,33,59,11969,13701,94
GGGACTGCATAGATAG-1,32,60,11717,13846,94
ACGCATTCGTGAGTAC-1,33,61,11969,13991,94
CTCTGGACGCCTGGTG-1,32,62,11717,14136,94
AGGGTTTAGTTCGGGA-1,33,63,11970,14281,94
GGGAGAACTCACAGTA-1,32,64,11717,14426,94
ATCAATCTGGGCTGCA-1,33,65,11970,14571,94
TCTTCGATACCAATAA-1,32,66,11718,14716,94
ACGTAGATTGCTGATG-1,33,67,11970,14861,94
TCTTGATGCGTAGCGA-1,32,68,11718,15006,94
GGGCTGCCTAGGGCGA-1,33,69,11970,15151,94
CTCTCACAATCGATGA-1,32,70,11718,15297,94
CCAAGCGTAACTCGTA-1,33,71,11971,15441,94
ACAACAGCATGAGCTA-1,32,72,11718,15587,94
GTCCCAACGTAAAGTA-1,33,73,11971,15731,94
TCGGAGTACATGAGTA-1,32,74,11719,15877,94
GGGAGTTAATGAGGCG-1,33,75,11971,16022,94
CCGGGCGGTCTCGTCA-1,32,76,11719,16167,94
CCGTAAGTTGGTCCCA-1,33,77,11972,16312,94
GGAGGGCTTGGTTGGC-1,32,78,11719,16457,94
TCGGACGCCCAGCCCA-1,33,79,11972,16602,94
TCTGTGCCATCATAGT-1,32,80,11720,16747,94
GTACTGGAGTTAGACC-1,33,81,11972,16892,94
GGAATGCGCTAGCGTG-1,32,82,11720,17037,94
GTGTGAATAACTTAGG-1,33,83,11972,17182,94
GGTCGGCCAGGAGCTT-1,32,84,11720,17327,94
TAGCCGGCGGTCAGCG-1,33,85,11973,17472,94
CGGGTGTACCCATTTA-1,32,86,11720,17617,94
AGTGATTCAAGCAGGA-1,33,87,11973,17762,94
GTTGGATTGAGAACAC-1,32,88,11721,17907,94
TAGACGCCCGTACCGG-1,32,90,11721,18198,94
AATCTGCGTTGGGACG-1,32,92,11721,18488,94
CGGCAGGGTCGGGTTG-1,32,94,11721,18778,94
GCTTTCAGAGGAGGTG-1,33,95,11974,18923,94
TCTTCCCATGGGCACA-1,32,96,11722,19068,94
TACCGCGGACTTGCAG-1,33,97,11974,19213,94
AGAATTATGGATTCGA-1,32,98,11722,19358,94
ATTGATGAGTCCTAAC-1,33,99,11974,19503,94
TAGGTCGCCGGAACTG-1,32,100,11722,19648,94
TAACCTACCGTCCGAG-1,33,101,11975,19793,94
CTTAGTAGGCCTACAG-1,32,102,11722,19938,94
CTAGATGTGAGTGTAA-1,33,103,11975,20083,94
ACTCCCGAATTCGTTT-1,32,104,11723,20228,94
GTTCATCGTTTGGCTG-1,33,105,11975,20373,94
ACTTTACCCTCATGAA-1,32,106,11723,20518,94
GCGAGAGTTGCGTCCA-1,33,107,11975,20663,94
GTTCGGGCGTACCATT-1,32,108,11723,20809,94
CGACTTTGTATAGCCT-1,33,109,11976,20953,94
GCCATCGATGCTGCAT-1,32,110,11723,21099,94
GCATTTCCAAGGCTCC-1,33,111,11976,21243,94
ATGTAAGGCTGCTCTT-1,32,112,11724,21389,94
ACGTTCGCAATCAATT-1,33,113,11976,21534,94
GTGACGAGGGTGACCC-1,32,114,11724,21679,94
AGTGGTTGCGTATAGG-1,35,7,12467,6157,94
ATCGGTTACCTAGTAA-1,34,8,12215,6303,94
CCTGCCCGTTGTCTAG-1,35,9,12467,6448,94
GCACACGCCCATGGTC-1,34,10,12215,6593,94
AGTACGGCCCGTATCG-1,35,11,12468,6738,94
TATCTAGCCTAAAGGA-1,34,12,12215,6883,94
CACTCGGTTAGGAGGA-1,35,13,12468,7028,94
ATGTTCGTCGACCCAC-1,34,14,12216,7173,94
TTCCTCTGCCCGAATA-1,35,15,12468,7318,94
TTACTATCGGCTTCTC-1,34,16,12216,7463,94
GCCGCATTAGTCCGGC-1,35,17,12468,7608,94
TAAGGGCTGGGAGAGG-1,34,18,12216,7753,94
TAAGCAGGCGACACGC-1,35,19,12469,7898,94
AGCACTACCGGCCTGT-1,34,20,12216,8043,94
GAAAGCCCTTTGGACC-1,35,21,12469,8188,94
GACCGACTGAAGCGTC-1,34,22,12217,8333,94
CGGTGAAGACTAAAGT-1,35,23,12469,8478,94
CCCTGCGCTACGCATA-1,34,24,12217,8624,94
TACTGGACAGCTCGGC-1,35,25,12469,8768,94
TTAGTAGGGCGGCGGG-1,34,26,12217,8914,94
GAGGCTATCAAAGTCG-1,35,27,12470,9059,94
TTACCATTGATTACCC-1,34,28,12217,9204,94
ATACCACGGGCAACTT-1,35,29,12470,9349,94
TGTCCTAAGTCACCGC-1,34,30,12218,9494,94
AGGTAGGTACAAAGCT-1,35,31,12470,9639,94
GGCATACAGGTAGCGG-1,34,32,12218,9784,94
TGTAGTGATCTATAAT-1,35,33,12471,9929,94
TCCCGGGTGTGCTGCT-1,34,34,12218,10074,94
TACGATGTTGATCATC-1,35,35,12471,10219,94
CCTCTCTCCCATCTAG-1,34,36,12219,10364,94
GCAGGACTATAGAATA-1,35,37,12471,10509,94
CTAGTGAAGGACAGGA-1,34,38,12219,10654,94
TACGAGAACTTCACGT-1,35,39,12471,10799,94
CGTTGTTTCAATTCCC-1,34,40,12219,10944,94
GCAAATATTACGCTTT-1,35,41,12472,11089,94
CCAATAGTGCCGTCGA-1,34,42,12219,11235,94
ATTGCTGCTCCTCCAT-1,35,43,12472,11379,94
GAGATCTGCTTGGCAT-1,34,44,12220,11525,94
GCCGAAATTCCTACGT-1,35,45,12472,11669,94
GGCACTCCACTGGGCA-1,34,46,12220,11815,94
GGGTCACCGTGACGGT-1,35,47,12472,11960,94
CACTTAATCAGACGGA-1,34,48,12220,12105,94
CGTTTCGCTCATTACA-1,35,49,12473,12250,94
ATAAAGGCTCGGTCGT-1,34,50,12220,12395,94
CACTAAAGTTGCCTAT-1,35,51,12473,12540,94
GTGCTCAAGTACTGTC-1,34,52,12221,12685,94
CCATGCCTGTTTAGTA-1,35,53,12473,12830,94
TTGTAATCCGTACTCG-1,35,55,12473,13120,94
TCCCAGCTTTAGTCTG-1,34,56,12221,13265,94
CTACGCACGGAGTACC-1,35,57,12474,13410,94
AAATTAACGGGTAGCT-1,34,58,12221,13555,94
CGGCCACGCACAAAGT-1,35,59,12474,13700,94
GAAGCGTGAGGAATTT-1,34,60,12222,13846,94
ATATCTTAGGGCCTTC-1,35,61,12474,13990,94
ACGCGGGCCAAGGACA-1,34,62,12222,14136,94
GCGAGTTCTGCAAAGA-1,35,63,12474,14280,94
TATTCGTGCCAGAATA-1,34,64,12222,14426,94
AGGGCTGCAGTTACAG-1,35,65,12475,14571,94
CTAGCATAGTATAATG-1,34,66,12222,14716,94
TAGGTTCGAGTTCGTC-1,35,67,12475,14861,94
GAATTATAGTGAAAGG-1,34,68,12223,15006,94
CTATCGGGTCTCAACA-1,35,69,12475,15151,94
GCGCTAATTGAATAGA-1,34,70,12223,15296,94
ATGCGACAGTCCCATT-1,35,71,12476,15441,94
GGTAGTGCTCGCACCA-1,34,72,12223,15586,94
AAGCTCGTGCCAAGTC-1,35,73,12476,15731,94
TATTCAATTCTAATCC-1,34,74,12224,15876,94
TTCAAAGTCTCTAGCC-1,35,75,12476,16021,94
TTGAATATGGACTTTC-1,34,76,12224,16166,94
AAGAGCTCTTTATCGG-1,35,77,12476,16311,94
TTACTCCGGCCGGGAA-1,34,78,12224,16456,94
AAACGAGACGGTTGAT-1,35,79,12477,16601,94
GCTAAGTAGTTTCTCT-1,34,80,12224,16747,94
ATAACGCCGGAGGGTC-1,35,81,12477,16891,94
GGATCCGGAATATACT-1,34,82,12225,17037,94
TGAAAGGACCTGACTC-1,35,83,12477,17182,94
TCCGCGGCAGCATCTG-1,34,84,12225,17327,94
TGCATATGTCTGTCAC-1,35,85,12477,17472,94
TGTAGGAGAAATTTCC-1,34,86,12225,17617,94
AGTGAGACTTCCAGTA-1,35,87,12478,17762,94
CCCAAACATGCTGCTC-1,34,88,12225,17907,94
GCTTATGAAGCAGGAA-1,35,89,12478,18052,94
TTCTAACCGAAGCTTA-1,34,90,12226,18197,94
GGATGTCCTTACCGCA-1,35,91,12478,18342,94
AGGGTGCTCTCGAGGG-1,34,92,12226,18487,94
AACTCTCAATAGAGCG-1,35,93,12478,18632,94
TCTGAATTCCGTACAA-1,34,94,12226,18777,94
GCGTGGTACTGGGTTA-1,35,95,12479,18922,94
CGTCGGATAGTGTTGA-1,34,96,12226,19067,94
ATATGTCTCCCTAGCC-1,35,97,12479,19212,94
TGACATCGAGCGGACC-1,35,101,12479,19793,94
GCGTAAATGGCCATAA-1,34,102,12227,19938,94
ATTGTACAACTCGGCT-1,35,103,12480,20083,94
TACGCTATAGAAACCT-1,34,104,12227,20228,94
AGATGATGGAGTCTGG-1,34,106,12228,20518,94
CCACGGTGCCCGGTAG-1,35,107,12480,20663,94
TCAAGAAATACTAGCT-1,34,108,12228,20808,94
AGGTATAATTGATAGT-1,35,109,12480,20953,94
CAAGGTCCTATAGGCT-1,34,110,12228,21098,94
CCGGCACGACCGTTTC-1,35,111,12481,21243,94
ACCTCCGTTATTCACC-1,34,112,12228,21388,94
GCAGCCTATATCACAT-1,35,113,12481,21533,94
GGTATAGTGACACATA-1,34,114,12229,21678,94
ATCCAATGGTACCGAA-1,36,6,12719,6012,94
GTGCTGCAGATAAGGA-1,37,7,12972,6157,94
GGCCTTTGCAACTGGC-1,36,8,12720,6302,94
GTCGTACCTACGATTG-1,37,9,12972,6447,94
TAGAAATTCACGTATA-1,36,10,12720,6592,94
AGAATAAATCTTCAGG-1,37,11,12972,6737,94
CATTGCGAAATGGGCG-1,36,12,12720,6882,94
GTCTACTCAATTACAA-1,37,13,12973,7027,94
TGTAATGACCACAATA-1,36,14,12720,7173,94
AAAGTCGACCCTCAGT-1,37,15,12973,7317,94
TACTCGGCACGCCGGG-1,36,16,12721,7463,94
AGGTGTATCGCCATGA-1,37,17,12973,7608,94
TGTGCTTTACGTAAGA-1,36,18,12721,7753,94
AAACCTCATGAAGTTG-1,37,19,12973,7898,94
TATAGGGTACTCATGA-1,36,20,12721,8043,94
CCAGCTGATGGTACTT-1,37,21,12974,8188,94
AATATTGGAGTATTGA-1,36,22,12721,8333,94
GGCCCTCACCCACTTA-1,37,23,12974,8478,94
AACCAAGACTTCTCTG-1,36,24,12722,8623,94
TCGTATTACCCATTGC-1,37,25,12974,8768,94
ATTCGACGCCGGGCCT-1,36,26,12722,8913,94
GGCGCAGGACATCTTC-1,37,27,12975,9058,94
GTACTCCCTTATCGCT-1,36,28,12722,9203,94
TGGTCTGTTGGGCGTA-1,37,29,12975,9348,94
AATAACAACGCTCGGC-1,36,30,12723,9493,94
CATACCCGTACCCAGT-1,37,31,12975,9638,94
ACAATCCATTTAAACC-1,36,32,12723,9784,94
GTTACAATTGGTGACG-1,37,33,12975,9928,94
TTGCCCTGATCACGGG-1,36,34,12723,10074,94
CTAACCGCGCGCCCGT-1,37,35,12976,10218,94
CTAAAGAATGCCTACT-1,36,36,12723,10364,94
GATCTTTGCAGGGTAT-1,36,38,12724,10654,94
GGGTACTTCATGAACT-1,37,39,12976,10799,94
GCCGCTTGTGAGAAAC-1,36,40,12724,10944,94
CCTGTAAGACATGATA-1,37,41,12976,11089,94
CGACAGTTCGCGTTAT-1,36,42,12724,11234,94
ACGATGCATATGTTAT-1,37,43,12977,11379,94
TGTTCCGCTTCCATGA-1,36,44,12724,11524,94
GGATGACGCGAGTTTA-1,37,45,12977,11669,94
GAAGTTTCCACTCAAT-1,36,46,12725,11814,94
GCGAGGCCCGAGCAGA-1,37,47,12977,11959,94
CATACTATGTAATTGT-1,36,48,12725,12104,94
CCAATGTCACAGCAAG-1,37,49,12977,12249,94
GTTGGATTTGCGTTGG-1,36,50,12725,12395,94
GGGAGGATGCCCGAAA-1,37,51,12978,12539,94
GATCGCGGGCTCTCCA-1,36,52,12725,12685,94
GTTCGCCATAAGTGCC-1,37,53,12978,12829,94
AGATTATAGGACGTTT-1,36,54,12726,12975,94
TCGAGACCAACACCGT-1,37,55,12978,13120,94
TATGGGACCGAGCAGG-1,36,56,12726,13265,94
GATGCGTCCTGCATTC-1,37,57,12978,13410,94
TATGGTCTGAGTAACA-1,36,58,12726,13555,94
GCATAGAGCACTCAGG-1,37,59,12979,13700,94
CTTCATTGTCAGTGGA-1,36,60,12726,13845,94
GCAGATTAGGGATATC-1,37,61,12979,13990,94
CCTGTCGCCCGTAAAT-1,36,62,12727,14135,94
CAATTTCGTATAAGGG-1,37,63,12979,14280,94
GTACACTTACCTGAAG-1,36,64,12727,14425,94
CCAGCCTGGACCAATA-1,37,65,12980,14570,94
ATGGAGCAGGCCGTGA-1,36,66,12727,14715,94
GTCATTAGAGCGAACG-1,37,67,12980,14860,94
AAGACTGCAAGCTACT-1,36,68,12728,15005,94
CTAGTCACGTCTTAAG-1,37,69,12980,15150,94
ACTCTTGTATAGTAAC-1,36,70,12728,15296,94
ATTAGGCGATGCTTTC-1,37,71,12980,15440,94
TTCGGGACTAATCGCG-1,36,72,12728,15586,94
TGGACTGTTCGCTCAA-1,37,73,12981,15731,94
AACGTGCGAAAGTCTC-1,36,74,12728,15876,94
CCACCCAAGGAAAGTG-1,37,75,12981,16021,94
CCGCACAAAGACCAAC-1,36,76,12729,16166,94
GCGATTGTTAACGTTA-1,37,77,12981,16311,94
ACTCGTCAGTAATCCC-1,36,78,12729,16456,94
GGTGATAAGGAGCAGT-1,37,79,12981,16601,94
AAGAGGCATGGATCGC-1,36,80,12729,16746,94
CACGTTCGTGCTCTAG-1,37,81,12982,16891,94
CTATTTGGTTACGGAT-1,36,82,12729,17036,94
GTACAGAGGCAAGGGT-1,37,83,12982,17181,94
GGGCCGGCCGAAGTAC-1,36,84,12730,17326,94
CCTGAACGATATATTC-1,37,85,12982,17471,94
CCGGGCTGCTCCATAC-1,36,86,12730,17616,94
TACTTGTTAGTAGTCC-1,37,87,12982,17761,94
CCTAGGCGTAGCGATC-1,36,88,12730,17907,94
CTGGCGCACAGGTCTG-1,37,89,12983,18051,94
ACTTATACTTACCCGG-1,36,90,12730,18197,94
GAAGTCTCCCTAGCGA-1,37,91,12983,18342,94
ACCGATGGTAGCATCG-1,36,92,12731,18487,94
CGAGTTTATCGGACTG-1,37,93,12983,18632,94
CATAACGGACAGTCGT-1,36,94,12731,18777,94
TGACGATGCACTAGAA-1,37,95,12983,18922,94
TAGGGAGCTTGGGATG-1,36,96,12731,19067,94
CATCTTACACCACCTC-1,37,99,12984,19502,94
CCGATCTCAACCTTAT-1,37,101,12984,19792,94
ACGATCATCTTGTAAA-1,36,102,12732,19937,94
GAAAGAACAGCGTTAT-1,37,103,12984,20082,94
CTAGGTCTGAAGGAAT-1,36,104,12732,20227,94
GCGAGCGCATGCTCCC-1,37,109,12985,20952,94
AGGGACCGGCTGCGTT-1,36,110,12733,21098,94
CCTATGAAGTGGTGCC-1,37,111,12986,21243,94
GCTTACGTAGTTAGTA-1,36,112,12733,21388,94
CATACTTAGGCAATAC-1,37,113,12986,21533,94
CCTGTCCCTCACGTTA-1,36,114,12734,21678,94
CAATGTGCCAACCCTT-1,37,115,12986,21823,94
GACCGTTACATGCGAC-1,38,6,13224,6012,94
GGTTCGGATTATACTA-1,39,7,13477,6157,94
CCTCCTGAGCCCACAT-1,38,8,13224,6302,94
CCGCGATTTGGTAGGT-1,39,9,13477,6447,94
AATCTCTACTGTGGTT-1,38,10,13225,6592,94
ACTTTGACTGCATCCT-1,39,11,13477,6737,94
CCCTGACTAACAAATT-1,38,12,13225,6882,94
ACGCTGTGAGGCGTAG-1,39,13,13477,7027,94
GCATACGAGGTCTTTA-1,38,14,13225,7172,94
TCGGGATTCAAACATA-1,39,15,13478,7317,94
GGGCCCTACGAAAGGG-1,38,16,13225,7462,94
CGCCAAGAAGCCGAGT-1,39,17,13478,7607,94
GGTACATCTGGGACGA-1,38,18,13226,7752,94
GGATGCTGGCGTTCCT-1,39,19,13478,7897,94
CCGATTCGAGGGACCC-1,38,20,13226,8042,94
CCACTGGTGGCTGGTT-1,39,21,13479,8187,94
GACAGGCACACACTAT-1,38,22,13226,8333,94
TCAACGCGACCGGCAG-1,39,23,13479,8477,94
CTACGACTAGCTATAA-1,38,24,13227,8623,94
CGGTTGACCTGGCATA-1,39,25,13479,8768,94
ATCCTGAATCGCTGCG-1,38,26,13227,8913,94
GTTTCATATCGTCGCT-1,39,27,13479,9058,94
ATAAATATTAGCAGCT-1,38,28,13227,9203,94
AAGAGGATGTACGCGA-1,39,29,13480,9348,94
TCCTGCGTTGATACTC-1,38,30,13227,9493,94
CGTGCATTGTCGACGC-1,39,31,13480,9638,94
CCGGGTTCGAGGTTAC-1,38,32,13228,9783,94
CCCAATTTCACAACTT-1,39,33,13480,9928,94
TGATTTATTAGCTGTG-1,38,34,13228,10073,94
TGGAAGAAGGGAACGT-1,39,35,13480,10218,94
GGGAACGGGAGGTTAG-1,39,37,13481,10508,94
GCGGCTCTGACGTACC-1,38,38,13228,10653,94
ACGTTAGATTTGCCCG-1,39,39,13481,10798,94
GAGAGGGCGCGAGGTT-1,38,40,13229,10944,94
GCAGCACACAGCCCAG-1,38,42,13229,11234,94
CAGGCCGTTTGGGTGT-1,39,43,13481,11378,94
AACTCAAGTTAATTGC-1,38,44,13229,11524,94
CTTCGTAGATAGGTGA-1,39,45,13482,11669,94
TGCAGAGTACCGAGCA-1,38,46,13229,11814,94
GAAGTGATTTATCGTG-1,39,47,13482,11959,94
CGCTACGGGACATTTA-1,38,48,13230,12104,94
CCACACTGAGATATTA-1,39,49,13482,12249,94
CGATCCGACCCAGTGC-1,38,50,13230,12394,94
ACTTATTAGGATCGGT-1,38,52,13230,12684,94
TAGTCCGCAGAGAATG-1,39,53,13483,12829,94
TACATTTCTAACGTGC-1,39,55,13483,13119,94
ACCATATCCGCAATAA-1,38,56,13231,13264,94
CACTCAAGAGCTATGG-1,39,57,13483,13409,94
TGTACGAACAAATCCG-1,38,58,13231,13555,94
CGCTATTCTTAGGCTC-1,38,60,13231,13845,94
TGGCAGCAGTAATAGT-1,39,61,13484,13989,94
TCACGTGCCCGATTCA-1,38,62,13232,14135,94
CATACGGCGTCTGGGC-1,39,63,13484,14280,94
CACATGATTCAGCAAC-1,38,64,13232,14425,94
GCTAGTAGAGCTTGTA-1,39,65,13484,14570,94
TGCTGTTGAAGAACTC-1,38,66,13232,14715,94
CGGAGCATGGCGATCC-1,39,67,13485,14860,94
TAGCGTTGGGTCTTAC-1,38,68,13232,15005,94
GTAGCGGCTATACACT-1,39,69,13485,15150,94
TAACATACAATGTGGG-1,38,70,13233,15295,94
TCTTCGAATAGACGTT-1,39,71,13485,15440,94
GATCGTGACTGATATC-1,38,72,13233,15585,94
GATCCGGGAATTAACA-1,39,73,13485,15730,94
TTATATACGCTGTCAC-1,38,74,13233,15875,94
GTCGCGTAACCCGTTG-1,39,75,13486,16020,94
AGCTCTAGACGTTCCA-1,38,76,13233,16165,94
GTCAAGCGGACTCGGG-1,39,77,13486,16310,94
CGAGGGACTGCGGTCG-1,38,78,13234,16456,94
AATCGCCTCAGCGCCA-1,39,79,13486,16600,94
CTTGTTGCTGAGTCAA-1,38,80,13234,16746,94
GATATGAGACACTAAC-1,39,81,13486,16891,94
TTATGATCTTAACGAA-1,38,82,13234,17036,94
CGCCGCCCATGCCTGT-1,39,83,13487,17181,94
CTGGGATAAATAATGG-1,38,84,13234,17326,94
GTGCCCGTTCGGATTC-1,39,85,13487,17471,94
TTCAATACTCTGAATC-1,38,86,13235,17616,94
CGCACATGTCCACTAC-1,39,87,13487,17761,94
AGAAGAGCGCCGTTCC-1,38,88,13235,17906,94
GATAACTCGCACTGTG-1,39,89,13487,18051,94
AGTCGACGGTCTCAAG-1,38,90,13235,18196,94
GTGACCGCACACTACG-1,39,91,13488,18341,94
GTATGTGGGTCTAGTT-1,38,92,13235,18486,94
CTTGAGTTAGGGTAAT-1,39,93,13488,18631,94
TTAGCTGATTTGCCGT-1,38,94,13236,18776,94
GCTGTTGCTACCGAAC-1,39,95,13488,18921,94
CCATCTCACCAGTGAA-1,38,98,13236,19357,94
CGCACGTGCGCTATCA-1,39,99,13489,19501,94
ACCCGGATGACGCATC-1,38,100,13236,19647,94
CGCTAGAGACCGCTGC-1,39,101,13489,19792,94
ATAGTTCCACCCACTC-1,38,102,13237,19937,94
GCAGACCCAGCACGTA-1,39,103,13489,20082,94
TAGACTACCTAGCGTT-1,38,104,13237,20227,94
GGTTCTACTCGTCTGA-1,39,105,13490,20372,94
GACTCACCCACGTGAG-1,38,106,13237,20517,94
AAGGATCGATCGCTTG-1,39,109,13490,20952,94
ATATCGGTAGGGAGAT-1,38,110,13238,21097,94
TTCCAGACGAGATTTA-1,39,111,13490,21242,94
GACCGACGTGAAAGCA-1,38,112,13238,21387,94
CCTGGAAACGTTCTGC-1,39,113,13491,21532,94
CCGGTAATGGCTAGTC-1,38,114,13238,21678,94
CACCACGCCACACAGA-1,40,8,13729,6301,94
GAACCTCGACCTACAC-1,41,9,13982,6446,94
CAATACGCTCTGAGGC-1,40,10,13729,6591,94
TGGTAAGCAGGATTGA-1,41,11,13982,6736,94
AGTGGCTCCGTCGGCC-1,40,12,13730,6882,94
GATCGGATAGAACCAT-1,41,13,13982,7026,94
GCTACAGTACGGACCG-1,40,14,13730,7172,94
TCTATTACTAGAGGAT-1,41,15,13983,7317,94
TTCAGGCGTCAAAGCC-1,40,16,13730,7462,94
AGACCGGGAAACCCTG-1,41,17,13983,7607,94
AGAGATCTCTAAAGCG-1,40,18,13731,7752,94
CCCTGCCCAATCCGCT-1,41,19,13983,7897,94
GTGGCGGTCCCAGCGT-1,40,20,13731,8042,94
GCATTGTAATTCATAT-1,41,21,13983,8187,94
CCGTTCCGAATCTCGG-1,40,22,13731,8332,94
AGCTTGATCTTAACTT-1,41,23,13984,8477,94
CCTGTACTCACGCCCA-1,40,24,13731,8622,94
AAGTGACGACCGAATT-1,41,25,13984,8767,94
CTCACTTGGCTGGTAA-1,40,26,13732,8912,94
CGCCTGGCCTACGTAA-1,41,27,13984,9057,94
CCCGTAAGTCTAGGCC-1,40,28,13732,9202,94
TTGGACATGTGGCTTA-1,41,29,13984,9347,94
ATTACGCGCTGGCAGG-1,40,30,13732,9493,94
ACGCGCTACACAGGGT-1,41,31,13985,9637,94
TACGTTTACCGGCAAT-1,40,32,13732,9783,94
CGAAACGCAATTCATG-1,41,33,13985,9927,94
TAGTCTAACAACGAGA-1,40,34,13733,10073,94
TTGCATGCTGATCACG-1,41,35,13985,10218,94
TCTGGGTAGCGCTCAT-1,40,36,13733,10363,94
ACATCGGTCAGCCGCG-1,41,37,13985,10508,94
TCCAACTTTAAATTCT-1,40,40,13733,10943,94
TCCTAGCAAAGAAGCT-1,41,41,13986,11088,94
GTCTATCTGAGTTTCT-1,40,42,13734,11233,94
GATGTTCAATCCACGA-1,41,43,13986,11378,94
AGTTAAACACTTGCGA-1,40,44,13734,11523,94
AGCTCTTTACTCAGTT-1,41,45,13986,11668,94
ATCCAGGATTCGTGAA-1,40,46,13734,11813,94
AGTCAACACCACCATC-1,41,47,13987,11958,94
CGATACCTCGCGGACA-1,40,48,13734,12104,94
AATTAAAGGTCGGCGT-1,40,50,13735,12394,94
TACGCAGTTCTTTCCT-1,41,51,13987,12538,94
GACCGTGCTGACGGTG-1,40,52,13735,12684,94
GGCAAATTACTTTACT-1,41,53,13988,12829,94
GGTACAAACATGCTAT-1,40,54,13735,12974,94
CGGGCCTTCTTTGTAA-1,41,55,13988,13119,94
CGTGAAGTTAATTCAC-1,40,56,13736,13264,94
ATAGTGAAGCGTTCTC-1,41,57,13988,13409,94
TACGCCATATTCTAAT-1,40,58,13736,13554,94
GCCGGGTTAGGGTCGC-1,41,59,13988,13699,94
TACATAGGCATACACC-1,40,60,13736,13844,94
GCCGATTGGCCAAGCT-1,41,61,13989,13989,94
CTGCCATGCATCACAT-1,40,62,13736,14134,94
TTATGAATGAAAGGGA-1,41,63,13989,14279,94
GCTGAGGCGTGAGTAT-1,40,64,13737,14424,94
GCGCCGTTCCACGATA-1,41,65,13989,14569,94
CGCATGGTGCGATGCT-1,40,66,13737,14714,94
AGGTTTCACACACCTT-1,41,67,13989,14859,94
CAAGGATCGCATGTTC-1,40,68,13737,15005,94
ACGTTAATGTCGAAGA-1,41,69,13990,15149,94
TCCAGAGCACCGGTTC-1,40,70,13737,15295,94
GATTCGACGGTTCACG-1,41,71,13990,15440,94
GTTTCTGCAGTCTCCC-1,40,72,13738,15585,94
GCTGCACGGTTTCTTA-1,41,73,13990,15730,94
CGTGCAGACTGGGACA-1,40,74,13738,15875,94
GTGTTACTATGCGTCC-1,41,75,13990,16020,94
TCCTCGGGCTGGGCTT-1,40,76,13738,16165,94
GTGAGGACACTTAAGG-1,41,77,13991,16310,94
ATACGCCGGCGAAACC-1,40,78,13738,16455,94
TCTGCCAGAAACTGCA-1,41,79,13991,16600,94
TTCTGCGGGTTAGCGG-1,40,80,13739,16745,94
CTCGGTACCACTGCTC-1,41,81,13991,16890,94
GTAAGTAACAGTCTGG-1,40,82,13739,17035,94
GTGCGTGTATATGAGC-1,41,83,13991,17180,94
ATTTGTCTTGGGAGCT-1,40,84,13739,17325,94
CCTCGGACCGGGATAG-1,41,85,13992,17470,94
TAGGTGCTCGCCTAGC-1,40,86,13739,17616,94
CTTTAGGAACACTGTT-1,41,87,13992,17760,94
TCGGGCCGTCGTGGTA-1,40,88,13740,17906,94
AGTGCTTGCACGAATA-1,41,89,13992,18050,94
TGCAGTTTCCTCCCAT-1,40,90,13740,18196,94
TGAGAGATTTACCACG-1,41,91,13992,18341,94
GAAACAGATGACCACC-1,40,92,13740,18486,94
AGCAACATATCTTATT-1,41,93,13993,18631,94
CAAGTGTGGTTGCAAA-1,40,94,13740,18776,94
GCCTCATCTGGAAATA-1,41,95,13993,18921,94
AACCCTACTGTCAATA-1,40,96,13741,19066,94
ACGTATTACTCCGATC-1,41,97,13993,19211,94
GCGCAAGAGCGCGCTG-1,40,100,13741,19646,94
TTGACGCTCCATGAGC-1,41,101,13994,19791,94
TATAGATGGTCGCAGT-1,40,102,13742,19936,94
TTACATGCCACAACTA-1,41,103,13994,20081,94
ACATGGCGCCAAAGTA-1,40,104,13742,20227,94
TATGGTTAGTGGGAGA-1,41,105,13994,20371,94
CATGACTTCGCTGAAT-1,40,106,13742,20517,94
ACCACCAATGTAACAA-1,41,107,13995,20661,94
TCTTAGAGCTCCAATT-1,40,108,13742,20807,94
ACACCTTACTACTTGC-1,41,111,13995,21242,94
AGTCGGTTGCGTGAGA-1,40,112,13743,21387,94
ACCTACAGTATGTGGT-1,41,113,13995,21532,94
GAGGATAAACAGTGCT-1,40,114,13743,21677,94
TTCCGGTATCTGTGTC-1,41,115,13996,21822,94
CCAGTCAAATCTCTTA-1,42,8,14234,6301,94
AAACAGCTTTCAGAAG-1,43,9,14487,6446,94
TAGCTGATGTGAAGCG-1,42,10,14234,6591,94
CTTATGCGCTCAGGGC-1,43,11,14487,6736,94
TGGCTCTTGTCGCGTA-1,42,12,14235,6881,94
TTGTGAGGCATGACGC-1,43,13,14487,7026,94
CATAAGCTCTCCGTCT-1,42,14,14235,7171,94
TGCAGCTACGTACTTC-1,42,16,14235,7461,94
CTCTACACTGGCGATT-1,43,17,14488,7606,94
TGCAGATCGTCCTAGG-1,42,18,14235,7751,94
TGCCAAAGTCAGACTT-1,43,19,14488,7896,94
ACAATAGTCGTACGTT-1,42,20,14236,8042,94
CATGCCAACTCGCAAA-1,43,21,14488,8186,94
TGCAGAACTATATCGT-1,42,22,14236,8332,94
TCGTGTCACGCTGACA-1,43,23,14488,8476,94
TGATCAGGGAACTGCT-1,42,24,14236,8622,94
CTTGCAACCGCCTCCT-1,43,25,14489,8767,94
AGCCCATACATGTAAG-1,42,26,14236,8912,94
ATCCAATGGAGGGTCC-1,43,27,14489,9057,94
AAACCGGGTAGGTACC-1,42,28,14237,9202,94
GCAACCACGGCCGCGT-1,43,29,14489,9347,94
CGCTTATTCCCGGTCG-1,42,30,14237,9492,94
TTACTCTGGTACGTAC-1,43,31,14489,9637,94
GTGGTTTCCGCCTTTC-1,42,32,14237,9782,94
ATAGGCGGCTATAGAA-1,43,33,14490,9927,94
GTGCCATCACACGGTG-1,42,34,14237,10072,94
CCCAACATACGTCGCG-1,43,35,14490,10217,94
CGGTGCAGATAGAACG-1,42,36,14238,10362,94
GGGCGGGTTCCCTACG-1,43,37,14490,10507,94
TGAGCCATACAGTCTC-1,42,38,14238,10653,94
GTTGAACCGGTTCCAT-1,42,40,14238,10943,94
TTGACTACCATATGGT-1,43,41,14491,11087,94
ACCATCGTATATGGTA-1,42,42,14238,11233,94
TGCGTAAGAACCTGAT-1,43,43,14491,11378,94
AGAAGGTTGCCGAATT-1,42,44,14239,11523,94
AGGACGACCCATTAGA-1,43,45,14491,11668,94
GGTGCTGGTACACATT-1,42,46,14239,11813,94
GCGCTATGCCGAGGCA-1,43,47,14492,11958,94
ACCCGGTTACACTTCC-1,42,48,14239,12103,94
TAACTCATCCGCGCGG-1,43,49,14492,12248,94
CACAATGAGCTGCTAT-1,42,50,14240,12393,94
GTTACTTTGGGCCTAG-1,43,51,14492,12538,94
GGGCCCGTCTTAAACA-1,42,52,14240,12683,94
GAAATTGTCTCTATAA-1,43,53,14492,12828,94
GGCGCATGAATTGATG-1,42,54,14240,12973,94
CATATAGGTACAGTCA-1,43,55,14493,13118,94
TTGCACAATTCAGAAA-1,43,57,14493,13408,94
CATCGGACGGGTTAAT-1,42,58,14241,13554,94
ATTAAACATGCGGACC-1,43,59,14493,13698,94
TATCTACCACAGCGGG-1,42,60,14241,13844,94
CGAGACCCTAGAGTGT-1,43,61,14493,13989,94
ACATCGATCGTTTACC-1,42,62,14241,14134,94
ATCGACCCAATACAGA-1,43,63,14494,14279,94
GAATCTGAACATTCTC-1,42,64,14241,14424,94
AGTTCCTATTTATGTT-1,43,65,14494,14569,94
CAGTCTGTATACTGGG-1,42,66,14242,14714,94
GGAGACGACACCTTTG-1,43,67,14494,14859,94
CCTAAATTAACGGTTC-1,42,68,14242,15004,94
GCTACGACTTATTGGG-1,43,69,14494,15149,94
CTGTGCAGGGTAGGTC-1,42,70,14242,15294,94
ACGCCGCTAGACGACC-1,43,71,14495,15439,94
ACTTGACTCCCTCTTT-1,42,72,14242,15584,94
CGCCTCCCTCCTCTAT-1,43,73,14495,15729,94
CTAGATTTACGACGGC-1,42,74,14243,15874,94
GATGCTGTATTTCATC-1,43,75,14495,16019,94
TGCGTTTGTTGACACT-1,42,76,14243,16165,94
CGTGCCCTCCCGAAGA-1,43,77,14495,16309,94
ACTCTCTGACTTAGGT-1,42,78,14243,16455,94
CTGGGTAGGCAGTTAA-1,43,79,14496,16599,94
GTTTGGCCCAAGTTAT-1,42,80,14243,16745,94
GAATGTGGTCCGGATT-1,43,81,14496,16890,94
CCCAGTTAAGGCGCCG-1,42,82,14244,17035,94
CGGTACTAGAATCAAA-1,43,83,14496,17180,94
GCTTAATGTAACTAAC-1,42,84,14244,17325,94
AGGACAGTCGAATCCC-1,43,85,14496,17470,94
GACAGCCAGACCTGAC-1,42,86,14244,17615,94
GGCGAAATCTAACTTG-1,43,87,14497,17760,94
CTGGTAACACATAGAA-1,42,88,14244,17905,94
TAGCCATTTCAAAGTC-1,43,89,14497,18050,94
GGGATTTACCGCACCT-1,42,90,14245,18195,94
ATGCCATTTGCGACCA-1,43,91,14497,18340,94
GAATAGACGCGACCCA-1,42,92,14245,18485,94
TGTATGGCGCAGACAG-1,43,93,14498,18630,94
GGATGAAGATCGCTGA-1,42,94,14245,18776,94
CGACAATTTGATCTAA-1,43,95,14498,18920,94
AAAGTTGACTCCCGTA-1,42,96,14246,19066,94
CGCGGCTCAACTTGAA-1,43,97,14498,19210,94
CACGCGGAACTGTTGC-1,42,98,14246,19356,94
TCTTAGAGTGAACTCT-1,43,99,14498,19501,94
AGTCCATTGGCTGATG-1,42,100,14246,19646,94
TTAAGATAGGATTGAC-1,43,101,14499,19791,94
ACATCCTGGTAACTGT-1,42,102,14246,19936,94
CACCTTGGCGCCTTTG-1,43,103,14499,20081,94
GCTAGACCGTCTACTG-1,42,104,14247,20226,94
CGGCCCAGGTATATCC-1,43,105,14499,20371,94
GTCCATTACTGCTACG-1,42,106,14247,20516,94
GGGTTTAGGATAGGAT-1,43,107,14499,20661,94
TAATTAGGACATCCGT-1,42,108,14247,20806,94
GCTCCCAGTCGGTCCA-1,43,109,14500,20951,94
ATTCGTGCTATCTCTT-1,42,110,14247,21096,94
GTTAACTATGTTGTCA-1,43,111,14500,21241,94
GCTCCGCTCGCTTCAG-1,42,112,14248,21386,94
GCAACGGCTAGTTATG-1,43,113,14500,21531,94
AATCGCGCAGAGGACT-1,42,114,14248,21677,94
GGGCCTAAATGGGCTA-1,45,9,14991,6445,94
ACTTGTAGTCCCTTCA-1,44,10,14739,6591,94
CCCGAAGTTTCGCGAA-1,45,11,14992,6735,94
ACCATCCGCCAACTAG-1,44,12,14739,6881,94
TGCGAATATGGGATTT-1,45,13,14992,7025,94
TACATCCCTATCCCTG-1,44,14,14740,7171,94
GTGGGAAGACTGAATC-1,45,15,14992,7316,94
AAACTTGCAAACGTAT-1,45,19,14993,7896,94
AGGGCGAGCAGCTGAT-1,44,20,14740,8041,94
AACACGAGACGCGGCC-1,45,21,14993,8186,94
TGACGAATATTTCCCT-1,44,22,14741,8331,94
TCGGAGAGTATCGGGA-1,45,23,14993,8476,94
CAAATCTCTCACAAGG-1,44,24,14741,8621,94
AGGCCCTAGAACGCCA-1,45,25,14993,8766,94
TAGAGATCATGCAACT-1,44,26,14741,8911,94
TTGTTTCCATACAACT-1,45,27,14994,9056,94
GAGAGGTGCATTCTGG-1,44,28,14741,9202,94
GTGGACCAACCCGATT-1,45,29,14994,9346,94
CTGGGCCTGCTATATC-1,44,30,14742,9492,94
CATAGTCCACAAGAAC-1,45,31,14994,9636,94
TTGACATGAACGTGGA-1,44,32,14742,9782,94
GGTTACCACCCTCGGG-1,45,33,14994,9927,94
TACCGGTCGTTTCCAT-1,44,34,14742,10072,94
CGAGTACTAAAGAGGA-1,45,35,14995,10217,94
GCAAGAATTCCTTGGC-1,44,36,14742,10362,94
TCGCCGAAGTTGCGTC-1,45,37,14995,10507,94
TTGAGAGTACTGCTAA-1,44,38,14743,10652,94
GCCACAATTTAAGGAC-1,45,39,14995,10797,94
ATATTCAGTTAAACCT-1,44,40,14743,10942,94
TGAGTGCCTCTTAAAT-1,45,41,14996,11087,94
ATCAGACGGCACGCCG-1,44,42,14743,11232,94
GTGCGAAATCGAACAC-1,45,43,14996,11377,94
GTGCCGCTTCAAAGGT-1,44,44,14744,11522,94
GATACGATGGGAGTCA-1,45,45,14996,11667,94
GACACTGAGTTCAGTG-1,44,46,14744,11812,94
ATCCTGCGTGGAATGG-1,45,47,14996,11957,94
ATCCTACCTAAGCTCT-1,44,48,14744,12103,94
AGTGATATGAGTAGTT-1,45,49,14997,12247,94
ATGATGCAATGGTACA-1,44,50,14744,12393,94
GAAACCGAATTACCTT-1,45,51,14997,12538,94
AGTGACCTACTTTACG-1,44,52,14745,12683,94
TTACTGGGATATTTCA-1,44,54,14745,12973,94
CTTGCCCAGGCTCTAC-1,45,55,14997,13118,94
AAATCGTGTACCACAA-1,44,56,14745,13263,94
GTGATCATAGATCTGC-1,45,57,14998,13408,94
TGGCAGATTACGATCA-1,44,58,14745,13553,94
TCACCCTCTTAAGATT-1,45,59,14998,13698,94
CAGGATATATCGTTGT-1,44,60,14746,13843,94
CCTGACCACCGATGGT-1,45,61,14998,13988,94
CTAAAGGGAAATAGGA-1,44,62,14746,14133,94
CCGCTATCAGCACCAG-1,45,63,14998,14278,94
CTTTAGTGCTATTATT-1,44,64,14746,14423,94
CGGGAATTTATGTAAA-1,45,65,14999,14568,94
TACGACTGCCTCTTAG-1,44,66,14746,14714,94
AAACTGCTGGCTCCAA-1,45,67,14999,14858,94
GTACGTTTGCCCGTCA-1,44,68,14747,15004,94
GGCAAGGCGAAATAGC-1,45,69,14999,15149,94
GATCTTGGAGGGCATA-1,44,70,14747,15294,94
AGCGTGGTATTCTACT-1,45,71,14999,15439,94
CTAAGGGAATGATTGG-1,44,72,14747,15584,94
CATGGTAAGTAGCGTT-1,45,73,15000,15729,94
CGTTGAGCGACCGTCG-1,44,74,14747,15874,94
TGCCCGTACCGTTAAA-1,45,75,15000,16019,94
ACAAGGGCAGGCTCTG-1,44,76,14748,16164,94
GAGATCTTCCATGACA-1,45,77,15000,16309,94
AATGACGTAGGATGTC-1,44,78,14748,16454,94
GTGGTGGCCAAGTGAA-1,45,79,15000,16599,94
TCCCGTGTGCAATTTG-1,44,80,14748,16744,94
ACATCGTATGCAATGG-1,45,81,15001,16889,94
GCGAAACTTAACTGGA-1,44,82,14748,17034,94
AATTGAACGCTCTGGT-1,45,83,15001,17179,94
ACAAATGGTAGTGTTT-1,44,84,14749,17325,94
ATGGTCGCGTGGTTTC-1,45,85,15001,17469,94
TGTTATTGTATGTGGC-1,44,86,14749,17615,94
TTCCGGTTACCCACTT-1,45,87,15002,17759,94
GAGTGTGCGGTACCCA-1,44,88,14749,17905,94
CAAGATATTATAACGT-1,45,89,15002,18050,94
ACACACCAGGACCAGT-1,44,90,14750,18195,94
ATGGGCCTCGGCCTCT-1,45,91,15002,18340,94
AAGGTGATAAACCAGC-1,44,92,14750,18485,94
TCTTACTTATGCCTCT-1,45,93,15002,18630,94
AAAGTGTGATTTATCT-1,44,94,14750,18775,94
TGCTCCACAGTTCTTA-1,45,95,15003,18920,94
CTGGCTGATTCATCCT-1,44,96,14750,19065,94
TAAGGCTGAATCCCTC-1,45,97,15003,19210,94
TCTAGTGATATCGTGG-1,44,98,14751,19355,94
TCGAAGAACCGAGCAC-1,45,99,15003,19500,94
GACAAACATATGCAGG-1,44,100,14751,19645,94
AAGTCAATTGTCGTCA-1,45,101,15003,19790,94
AGTGAACAAACTTCTC-1,44,102,14751,19936,94
CATGATGGAAGTTAGC-1,45,103,15004,20080,94
AAGTGCCTTGACTGTA-1,44,104,14751,20226,94
ATCGCCAGTCAACATT-1,45,105,15004,20370,94
ACCGCGGTGGAAGTCG-1,44,106,14752,20516,94
TCTTCTATAACCCGCC-1,45,107,15004,20661,94
CACATTTCTTGTCAGA-1,44,108,14752,20806,94
TAGCGTCCCTCGATTG-1,45,109,15004,20951,94
GTTCGGATCGGGAACA-1,44,110,14752,21096,94
CAAACTCGCGACGCCG-1,45,111,15005,21241,94
GTCTTGTAGCTATTCA-1,44,112,14752,21386,94
TCTCGACGTATCGCCG-1,45,113,15005,21531,94
TTGCCAAGCAGAACCC-1,44,114,14753,21676,94
AGTGGTGTTACCCGTG-1,47,9,15496,6445,94
GCCAAGAATACTTCTG-1,46,10,15244,6590,94
CCGGCGTGAGACTCTG-1,47,11,15496,6735,94
TTCCCGGCGCCAATAG-1,46,12,15244,6880,94
AAACAGGGTCTATATT-1,47,13,15497,7025,94
ACAGTAATACAACTTG-1,46,14,15244,7170,94
CGAACGGCCGGACAAC-1,47,15,15497,7315,94
GCAACACACTAGAACT-1,46,16,15245,7460,94
ACTCCCATTCCTAAAG-1,47,17,15497,7605,94
ACCTGCGTGTCATGTT-1,46,18,15245,7751,94
TACTTTCCGCACGCCA-1,47,19,15497,7895,94
AGTCGGCTCAACTTTA-1,47,23,15498,8476,94
CGATCTGTTGGAGGAC-1,46,24,15246,8621,94
ACGGGAGTGTCGGCCC-1,47,25,15498,8766,94
TTAACTTCAGGTAGGA-1,46,26,15246,8911,94
CCACGGAGCCATAAGA-1,47,27,15498,9056,94
CTTCTATGTTGAAGTA-1,46,28,15246,9201,94
CACCGTTGCGCGATAT-1,47,29,15499,9346,94
TCTAGCAATCTCCGCC-1,46,30,15246,9491,94
AGTTTGGCCAGACCTA-1,47,31,15499,9636,94
TTGTAAGGACCTAAGT-1,46,32,15247,9781,94
AAATTTGCGGGTGTGG-1,47,33,15499,9926,94
AAGTTCGGCCAACAGG-1,46,34,15247,10071,94
CCGCTTACCTCACTCT-1,47,35,15500,10216,94
ATCACGTGCTAATTAA-1,46,36,15247,10362,94
GGTGAAGTACAGGGAT-1,47,37,15500,10506,94
GCTGTATTACTGGCCC-1,46,38,15248,10652,94
AACGGCCATCTCCGGT-1,47,39,15500,10796,94
TAAGTAACATCTTGAC-1,46,40,15248,10942,94
TTCTTGAGCCGCGCTA-1,47,41,15500,11087,94
AGTGCGTAGCTCGTAA-1,46,42,15248,11232,94
GGGATGGTCGTAACCG-1,47,43,15501,11377,94
GTCTGGGCGGTCGAGA-1,46,44,15248,11522,94
CGGAACGTAAACATAG-1,47,45,15501,11667,94
TGCGACACCCTAGTGC-1,46,46,15249,11812,94
CAAACGAGTATCGCAG-1,47,47,15501,11957,94
TCAGTAGGGACTATAA-1,46,48,15249,12102,94
GCGGTTCCCTATCATG-1,47,49,15501,12247,94
GTGACTTCAGTAGTGC-1,46,50,15249,12392,94
CGTCACGTCCATTGGT-1,47,51,15502,12537,94
ATAAGTTACCGCGACG-1,46,52,15249,12682,94
CTGAATCCGAGACCTC-1,47,53,15502,12827,94
TACGACGCTTGCTGCG-1,46,54,15250,12972,94
GAATTCACCCGGGTGT-1,47,55,15502,13117,94
GGGTGACACCTTAACT-1,46,56,15250,13263,94
TGAGTAAATTAGCGTA-1,47,57,15502,13407,94
GAGTCCGCTTACCGGA-1,46,58,15250,13553,94
GGCGCGTTCGAGTTTA-1,47,59,15503,13698,94
ATTCATATACTGTCCA-1,46,60,15250,13843,94
ATAAACGGACCCGTAA-1,47,61,15503,13988,94
GTCGTACCATCTCGGG-1,46,62,15251,14133,94
ATAATAGCTGTTGAAT-1,47,63,15503,14278,94
TTCCGCGTGAGGCGAT-1,46,64,15251,14423,94
TACCGGCTCACTGCCC-1,47,65,15503,14568,94
GTATCTTTCATAACCA-1,46,66,15251,14713,94
GTTACCTACAACTTGC-1,47,67,15504,14858,94
TGACTATAATCCTTTC-1,46,68,15251,15003,94
AAATACCTATAAGCAT-1,47,69,15504,15148,94
TTATTAGAGCGTGTTC-1,46,70,15252,15293,94
ATGTGGACATCTTGAT-1,47,71,15504,15438,94
GTACGCTTCATTGCAC-1,46,72,15252,15583,94
CACATATTAGCAGGAT-1,47,73,15504,15728,94
CAAGAGGGCGGAGTAC-1,46,74,15252,15874,94
TCGCAAAGATGCATTT-1,47,75,15505,16018,94
GTCGTTATTCGCTTAT-1,46,76,15252,16164,94
TCGTGTACTATGGATG-1,47,77,15505,16308,94
GCGGAGAGGGAGAACG-1,46,78,15253,16454,94
TCACAGGGAATCGCAA-1,47,79,15505,16599,94
GACTGCACCAGCCCAG-1,46,80,15253,16744,94
TCCGCTGTCATCCCGG-1,47,81,15506,16889,94
AGATACTCAAGATCGA-1,46,82,15253,17034,94
ACTGAATGGCGAAAGT-1,47,83,15506,17179,94
TCCTACATCCACGGCC-1,46,84,15254,17324,94
TTCAGCCCTGGTCCAC-1,47,85,15506,17469,94
TTAGAGTTTAGAAGGA-1,46,86,15254,17614,94
GGTTAGCTATATGTCT-1,47,87,15506,17759,94
CTGGTTTCGAGCAAGA-1,46,88,15254,17904,94
TGGGCCCATACTAATT-1,47,89,15507,18049,94
ACTTATTTATGTGCCA-1,46,90,15254,18194,94
TTAGTTATTCGTGGCA-1,47,91,15507,18339,94
AACCGCTAAGGGATGC-1,46,92,15255,18485,94
ATACGTCCACTCCTGT-1,47,93,15507,18629,94
CGACACGCTCCGACAG-1,46,94,15255,18775,94
TCTGAACTCGTACCCG-1,47,95,15507,18919,94
AGGATATAGGGATTTA-1,46,96,15255,19065,94
GTGATCACTAACGCCT-1,47,97,15508,19210,94
ACCGGGCCTTTGTTGA-1,46,98,15255,19355,94
TTGACAGGAGCTCCCG-1,47,99,15508,19500,94
CTCTTCTATTGACTGG-1,46,100,15256,19645,94
CGTGGCCGAATATCTA-1,47,101,15508,19790,94
GGTTTAGCCTTTCTTG-1,46,102,15256,19935,94
TCAAGGTTACTACACC-1,47,103,15508,20080,94
TTGACTATTGTCCGGC-1,46,104,15256,20225,94
CGGGAATATAGTATAC-1,47,105,15509,20370,94
GCAACAGCAGTATGCG-1,46,106,15256,20515,94
ATCAAACACTGTTCCA-1,47,107,15509,20660,94
TGGGCAATAGTTGGGT-1,46,108,15257,20805,94
TGAATGTCAGCCGGCC-1,47,109,15509,20950,94
CGGCTCTAAAGCTGCA-1,46,110,15257,21095,94
GGACACAAGTTTACAC-1,47,111,15509,21240,94
CCGAGAAGTCGCATAA-1,46,112,15257,21386,94
AACTACCCGTTTGTCA-1,47,113,15510,21530,94
GCACAAACGAGGCGTG-1,46,114,15257,21676,94
CGCCACAGGTCGCGAT-1,49,9,16001,6444,94
TTGAATCGTTGTATAA-1,48,10,15749,6590,94
TGGCCAATTTGGTACT-1,49,11,16001,6734,94
CGACCCTTAACGCCGG-1,48,12,15749,6880,94
TCGGCGTACTGCACAA-1,49,13,16001,7025,94
GAGTAAGGCCACGGGA-1,48,14,15749,7170,94
ATCAGCTCGTCCACTA-1,49,15,16002,7315,94
AGGATCACGCGATCTG-1,48,16,15749,7460,94
AAATGGCCCGTGCCCT-1,49,17,16002,7605,94
CAGTACCAGTTTACGT-1,48,18,15750,7750,94
GGTCGTAAGCTCGCAC-1,49,19,16002,7895,94
CGTTCATGGTGCGCGT-1,48,20,15750,8040,94
GACTACAAAGCGGTGG-1,49,21,16002,8185,94
CAGCTGGCGTAACCGT-1,48,22,15750,8330,94
ACTCGTAACCCGTCCT-1,49,23,16003,8475,94
CATATGTCAGGCTACG-1,48,24,15750,8620,94
GCCCGACTTCTTCCCG-1,49,25,16003,8765,94
CTGGCATCCGAATGAG-1,48,26,15751,8911,94
AAGTGCGTTAGAATCT-1,49,27,16003,9055,94
AGAAGTGATTCGTGAT-1,48,28,15751,9201,94
TACCTTAAGATTTCCC-1,49,29,16004,9345,94
AATGACAGCAATGTCT-1,48,30,15751,9491,94
TCAACGCAGGAAATAA-1,49,31,16004,9636,94
TATTCCTCCGCCCACT-1,48,32,15752,9781,94
ATCAAACGAAGGTTTG-1,49,33,16004,9926,94
TTGATTAGCTGTTTCT-1,48,34,15752,10071,94
CTGCTGAGGCCACGAA-1,49,35,16004,10216,94
CCGTGTTAAATTCCAT-1,48,36,15752,10361,94
CACGTCGGCAACCTCT-1,49,37,16005,10506,94
GTATTCTGAGAAACGA-1,48,38,15752,10651,94
CGGTGCGCGTTGGTCC-1,49,39,16005,10796,94
GTGATTCGCCGCTCAA-1,48,40,15753,10941,94
GCCCGCGCGTAAACGG-1,49,41,16005,11086,94
AACGTACTGTGGGTAC-1,48,42,15753,11231,94
GAGTATGCCCGCCTTG-1,49,43,16005,11376,94
TGATTCTGTCGCCGGT-1,48,44,15753,11521,94
GGGCGGCAAATGAATT-1,49,45,16006,11666,94
TTCCAATCTGGCTATC-1,48,46,15753,11812,94
GGAACCGTGTAAATTG-1,49,47,16006,11956,94
TTGGTCACACTCGTAA-1,48,48,15754,12102,94
CGAACCCGCATGCGTC-1,49,49,16006,12247,94
GGGCGTCACCACGTAA-1,48,50,15754,12392,94
TACCAGAAGTAGGTTC-1,49,51,16006,12537,94
TTGGATATCGTCTACG-1,48,52,15754,12682,94
TAGATATGGACTGGAA-1,49,53,16007,12827,94
GCGACGATAGTTGTAC-1,48,54,15754,12972,94
CTGGATTTACACTTGA-1,49,55,16007,13117,94
GTTATATTATCTCCCT-1,48,56,15755,13262,94
TATTCCACTCAGCTCG-1,49,57,16007,13407,94
CTGTTACCCAATCTAG-1,48,58,15755,13552,94
ACGCGAAGTCAGACGA-1,49,59,16007,13697,94
GATAGGTAACGTTGAC-1,48,60,15755,13842,94
TGTTCGTATTGCGGTG-1,49,61,16008,13987,94
GGTCAGTGGGTCCCAC-1,48,62,15755,14132,94
AATTCTAGAGTTAGGC-1,49,63,16008,14277,94
GTTTACGTTCCATCTG-1,48,64,15756,14423,94
AGACCCACCGCTGATC-1,49,65,16008,14567,94
TCTAGCATGCCCAGAA-1,48,66,15756,14713,94
CCCGCAGCGCGAACTA-1,49,67,16008,14857,94
CTCTATTTGGCTGCAG-1,48,68,15756,15003,94
TTCTGCCGCGCCTAGA-1,49,69,16009,15148,94
ACTCCCTAGAATAGTA-1,48,70,15756,15293,94
CCGAACCTTCCCGGCC-1,49,71,16009,15438,94
TCAGACGCTATAGAAG-1,48,72,15757,15583,94
CAGGCGCCATGCTAGG-1,49,73,16009,15728,94
CACTCGAGCTGAACAA-1,48,74,15757,15873,94
ACAAGGAAATCCGCCC-1,49,75,16010,16018,94
ACCACGTGCAGCTATA-1,48,76,15757,16163,94
ACGGCGACGATGGGAA-1,49,77,16010,16308,94
TTACTAAAGGACTTTA-1,48,78,15758,16453,94
GGCTGAAATAGCAAAG-1,49,79,16010,16598,94
TTAGACGAGTCACCTC-1,48,80,15758,16743,94
GTAGTCGCGGGAATCA-1,49,81,16010,16888,94
GCAAACCCTACATTAT-1,48,82,15758,17034,94
GTTAAAGTAGGACTGG-1,49,83,16011,17178,94
ACCCTCCCTTGCTATT-1,48,84,15758,17324,94
CATGTCTCATTTATGG-1,49,85,16011,17468,94
AATAGAATCTGTTTCA-1,48,86,15759,17614,94
TCTCATGAGATAGGGT-1,49,87,16011,17759,94
ATGACTATGCGACATT-1,48,88,15759,17904,94
CCTAACCCAAACAAGT-1,49,89,16011,18049,94
AGTCAAGATGACACTT-1,48,90,15759,18194,94
CGGGAGCTTCAGTGTA-1,49,91,16012,18339,94
CCACAGTACCCATCCT-1,48,92,15759,18484,94
GAGCGCGCACGAGTAG-1,49,93,16012,18629,94
ACCAGTGCGGGAGACG-1,48,94,15760,18774,94
TCCTTACGACGGTCCG-1,49,95,16012,18919,94
TAGTCGATCACGGGTT-1,48,96,15760,19064,94
AGACGAAGTGCCGGTC-1,49,97,16012,19209,94
CGCTGGTGACTACCCT-1,48,98,15760,19354,94
AGGCATTGTCGTAGGG-1,49,99,16013,19499,94
TGGTAGAATATATGGG-1,48,100,15760,19644,94
AGTTTGGCACGGGTTG-1,48,102,15761,19935,94
GCATCGGCCGTGTAGG-1,49,103,16013,20079,94
ATGCGAGTCCCACCAC-1,48,104,15761,20225,94
TCGGCGAACCCAAACC-1,49,105,16013,20370,94
AGAGTAAACTTCACTA-1,48,106,15761,20515,94
AAGCCGAAGCGGTTTA-1,49,107,16014,20660,94
CCCGAGTTTCTCCGTA-1,48,108,15761,20805,94
AATATCGAATCAATGC-1,49,109,16014,20950,94
GCGCCTCCCACTCCGA-1,48,110,15762,21095,94
CGTTAAACTAGTTAGG-1,49,111,16014,21240,94
TGAGTTAAAGACATTC-1,48,112,15762,21385,94
AACAGGTAGTATGGAT-1,49,113,16015,21530,94
CGACGCATCCGTACCT-1,50,10,16253,6589,94
CCTAGGTAAAGGTAGC-1,51,11,16506,6734,94
AGCGGCGGTTAGCGGT-1,50,12,16254,6879,94
CTGGACGCAGTCCGGC-1,51,13,16506,7024,94
AGCCTAATACCCACGT-1,50,14,16254,7169,94
AATCTGGCTTTCTAGT-1,51,15,16506,7314,94
CACCCTTGGTGAGACC-1,50,16,16254,7460,94
GGATCTTGACTCAACC-1,51,17,16507,7604,94
ACGAGGATACCACTCT-1,50,18,16254,7750,94
GAGTTGATGGCAATTT-1,51,19,16507,7894,94
GTGGCAAACAGCGGCA-1,50,20,16255,8040,94
GATGTAACGAACCACC-1,51,21,16507,8185,94
AGCCGTGGCTAAATGT-1,50,22,16255,8330,94
CTCCCTCCTTTCGATC-1,51,23,16508,8475,94
TTGGAAGAATACAGTC-1,50,24,16255,8620,94
AGTTAAGTCAACCGCT-1,51,25,16508,8765,94
CTCATGGTAATTTGCG-1,50,26,16256,8910,94
AAAGTAGCATTGCTCA-1,51,27,16508,9055,94
TTGTGGTAGGAGGGAT-1,50,28,16256,9200,94
AGTCGTGGGCATTACG-1,51,29,16508,9345,94
ACCTAAGTACCTTTCA-1,50,30,16256,9490,94
GTAGAGGGAGACAAGT-1,51,31,16509,9635,94
GATCCTCGACACTGGC-1,50,32,16256,9780,94
CCTACATTCACAGACG-1,51,33,16509,9925,94
TTGACCGTGTTAATGA-1,50,34,16257,10070,94
TCTGTTACCCAGCATA-1,51,35,16509,10215,94
CTAACTGGTCCGGTTC-1,50,36,16257,10361,94
AGCGACAGGAACGGTC-1,51,37,16509,10505,94
TAATAGAACAGAGTTA-1,50,38,16257,10651,94
ACAGGTGGAGGTGAGG-1,51,39,16510,10796,94
TGCGAGAATATTACCC-1,50,40,16257,10941,94
TTGCGTCGGCCAACCG-1,51,41,16510,11086,94
AGGCTTCCCGAAGAAG-1,50,42,16258,11231,94
GCGGACCGCGTTGTGG-1,51,43,16510,11376,94
GTAATCTGATTCTTCG-1,50,44,16258,11521,94
CCGCGGAATGCGTCAC-1,51,45,16510,11666,94
TTCCACACAGATTTGA-1,50,46,16258,11811,94
CTTCTATTAATGCTAG-1,51,47,16511,11956,94
CATTTGAGTGGTACGT-1,50,48,16258,12101,94
TCACAGCAAACTCGAA-1,51,49,16511,12246,94
CAGACGAACCTGATAC-1,50,50,16259,12391,94
TAGCTAGAAGGCATGA-1,51,51,16511,12536,94
ATCCAGAGCAACAACC-1,50,52,16259,12681,94
TCCGGTTCGTCCGGTC-1,51,53,16511,12826,94
CGCGCATGTTTGATTG-1,50,54,16259,12972,94
TGGCGATCAAGTTATG-1,51,55,16512,13116,94
CCCTTTGACAGGTCTT-1,50,56,16259,13262,94
CAGAGACGGTCACCCA-1,51,57,16512,13406,94
TAGCTCGCCTGATAAC-1,50,58,16260,13552,94
TTGTGTTTCCCGAAAG-1,51,59,16512,13697,94
TATACACAGACGCCTT-1,50,60,16260,13842,94
ACATTAGTTTATATCC-1,51,61,16512,13987,94
CCATCGCAGTTAAACT-1,50,62,16260,14132,94
AATTAGCGCTGCAGCG-1,51,63,16513,14277,94
TCCGCTTATCCCATTA-1,50,64,16260,14422,94
GTTTGGGCTTGTGAGC-1,51,65,16513,14567,94
CTTGTCAACATTCGAG-1,50,66,16261,14712,94
GGACCAACAGGATAAC-1,51,67,16513,14857,94
AAGCTAGATCGAGTAA-1,50,68,16261,15002,94
TACCGTGCCTCGGACC-1,51,69,16514,15147,94
GTAGCCAAACATGGGA-1,50,70,16261,15292,94
TGCCAGTACGTGGAGA-1,51,71,16514,15437,94
ATAAGGTGGAGAACAT-1,50,72,16262,15583,94
CTTTAATATTGGTCGA-1,51,73,16514,15727,94
TGGTTCAACGGGTAAT-1,50,74,16262,15873,94
GCTGCTACTGCGTAGC-1,51,75,16514,16017,94
CTGCACAACTACATAT-1,50,76,16262,16163,94
TGGCAAACTAAATTAC-1,50,78,16262,16453,94
TCGCACCAGGAGGCAG-1,50,80,16263,16743,94
ACAAATCGCACCGAAT-1,50,82,16263,17033,94
CTTTACCGAATAGTAG-1,50,84,16263,17323,94
TTCCTCGGACTAACCA-1,50,86,16263,17613,94
TTATCCGGGATCTATA-1,51,87,16516,17758,94
CTGGAAGACACGGTGG-1,50,88,16264,17903,94
GTTCGTCTAAAGAACT-1,51,89,16516,18048,94
GTCTATTGGTTCCGGT-1,50,90,16264,18193,94
CTAGGCGCCCTATCAG-1,51,91,16516,18338,94
AACGGACGTACGTATA-1,50,92,16264,18484,94
AACACACGCTCGCCGC-1,51,93,16517,18628,94
GCTACTATAGTAGAGT-1,50,94,16264,18774,94
AGCATATCAATATGCT-1,51,95,16517,18919,94
CGAACAGTATGGGCGT-1,50,96,16265,19064,94
ACAATTGTGTCTCTTT-1,51,97,16517,19209,94
GATCGCTACCCGATTT-1,50,98,16265,19354,94
CAGCAGTCCAGACTAT-1,50,100,16265,19644,94
AGAGGCTTCGGAAACC-1,51,101,16518,19789,94
AAACAAGTATCTCCCA-1,50,102,16265,19934,94
GGCAGCAAACCTATGC-1,51,103,16518,20079,94
ACTAGTTGCGATCGTC-1,50,104,16266,20224,94
TTGGACCATCTGGCAA-1,51,105,16518,20369,94
CCCTCCTCGCTCGTAT-1,50,106,16266,20514,94
GAGCGCAAATACTCCG-1,51,107,16519,20659,94
ATTACATGTCAGTCTT-1,50,108,16266,20804,94
TTGGGACGTAAGAGTT-1,51,109,16519,20949,94
CTTCGGCCAATTGTTT-1,50,110,16267,21095,94
CCCAGTAAACTTGGGA-1,52,12,16758,6879,94
AGATTCACAACCGATA-1,53,13,17011,7024,94
AGAAGGTACACTTCAC-1,52,14,16759,7169,94
GCAGGAACTTAGATCT-1,53,15,17011,7314,94
AATCTAGGTTTACTTG-1,52,16,16759,7459,94
CCCGGTGTATCGGAAT-1,53,17,17012,7604,94
TTATCCTCAAGGAATA-1,52,18,16759,7749,94
AGCATCATTTCGAAAG-1,53,19,17012,7894,94
CGCGAGTCTGCCGGGT-1,52,20,16760,8039,94
TGCGTCATGACTGAGC-1,53,21,17012,8184,94
GTATGAAATTTCACTC-1,52,22,16760,8329,94
TTGGTTGCGGTGCGCG-1,53,23,17012,8474,94
ACAGAACTGAGAACAA-1,52,24,16760,8619,94
CTACTATCATAGGTTT-1,53,25,17013,8764,94
CCTCTATCGATTAGCA-1,52,26,16760,8910,94
CCGTATCTCGTCGTAG-1,53,27,17013,9054,94
TCACGATGTCCGTGGA-1,52,28,16761,9200,94
TCAACAAAGATAATTC-1,53,29,17013,9345,94
ATGACGCGTTCTATCC-1,52,30,16761,9490,94
ATTTGCGCGAGTAGCT-1,53,31,17013,9635,94
TTCTTGGACGATCTGC-1,52,32,16761,9780,94
AGACGACGATGCCGCT-1,53,33,17014,9925,94
GGTCTCTGAATGGACT-1,52,34,16761,10070,94
GCTCAATCCGTTTATT-1,53,35,17014,10215,94
CCAGAAAGCAACTCAT-1,52,36,16762,10360,94
CACCGTTAGGGATCAC-1,53,37,17014,10505,94
AATAACACTAGAACAA-1,52,38,16762,10650,94
CACCCGGTTTGTGACT-1,53,39,17014,10795,94
CCACCAACTTTACTGT-1,52,40,16762,10940,94
AACTCTCAGTGTGCTC-1,53,41,17015,11085,94
AAACCGTTCGTCCAGG-1,52,42,16762,11230,94
CAGCGATTCCCTTCAA-1,53,43,17015,11375,94
GCTAGCTTGAATAGCT-1,52,44,16763,11521,94
TTGCGGCATCAGAAAG-1,53,45,17015,11665,94
AATAGAACAGAGTGGC-1,52,46,16763,11811,94
GCCATCGAGCTGCGTG-1,53,47,17015,11955,94
ACACTGATCAAGGTGT-1,52,48,16763,12101,94
ACCAACGCTTATTTAT-1,53,49,17016,12246,94
GACATCGATTTATAAC-1,52,50,16763,12391,94
CAGACACCGATCGCTG-1,53,51,17016,12536,94
CCAAGAAAGTGGGCGA-1,52,52,16764,12681,94
GGTAGACCGTTGGGCG-1,53,53,17016,12826,94
TCGTTAGGAGTCCCTA-1,52,54,16764,12971,94
ACGGCCAACATGGACT-1,53,55,17017,13116,94
GTGAGTGGTACAACGC-1,52,56,16764,13261,94
GAGACTTCGCGACCGA-1,53,57,17017,13406,94
GAAGTCAGTTGCACTA-1,52,58,16765,13551,94
GTTTGGTAGGGTCAAC-1,53,59,17017,13696,94
ACGGCACTTGCTTGGG-1,52,60,16765,13841,94
CCTCTGTACTATTCTA-1,53,61,17017,13986,94
CTATTCATGTGTCCCA-1,52,62,16765,14132,94
GCCCGATCTGTGGTCG-1,53,63,17018,14276,94
TTAGAAGAACATGACT-1,52,64,16765,14422,94
AGGATAAAGTCGGGAT-1,53,65,17018,14566,94
CGGCAAACATCGTGCG-1,52,66,16766,14712,94
CTAGTTACAACCCGGT-1,53,67,17018,14857,94
TTCGACAGAGCCCGTG-1,52,68,16766,15002,94
AAGCATACTCTCCTGA-1,53,69,17018,15147,94
GACGACGATCCGCGTT-1,52,70,16766,15292,94
GGTAGAAGACCGCCTG-1,53,71,17019,15437,94
GAGATGGGAGTCGACA-1,52,72,16766,15582,94
AACGATAATGCCGTAG-1,53,73,17019,15727,94
TGGTCCCACGCTACGG-1,52,74,16767,15872,94
CTGCTTGGCGATAGCT-1,53,75,17019,16017,94
GTTGAGTCCCGCCGGT-1,52,78,16767,16452,94
AAGTGTTTGGAGACGG-1,52,80,16767,16743,94
AGCACTACCTCACCAG-1,53,81,17020,16887,94
TGCCTTGGCCAGGCAA-1,52,82,16768,17033,94
TCGTCTTAGGCGTTAA-1,53,83,17020,17177,94
GCTATACGTCTCGGAC-1,52,88,16768,17903,94
GAGCCAGCTACCTGTG-1,53,89,17021,18048,94
TGCTAAGTGTCTATTT-1,52,90,16769,18193,94
GTCCTACGAATAGTCT-1,53,91,17021,18338,94
CAGTGTCGGCTGGCCC-1,52,92,16769,18483,94
CTATCGACGAAATACA-1,53,93,17021,18628,94
CATCATTACCCTGAGG-1,52,94,16769,18773,94
TAAGTTGCGACGTAGG-1,53,95,17022,18918,94
AGTGCACGCTTAAGAA-1,52,96,16769,19063,94
TGTGCCGGTGCCGGAA-1,53,97,17022,19208,94
AGGAGGCCTTCGCGCG-1,52,98,16770,19353,94
TCCGTTAAGCTAATAT-1,52,100,16770,19644,94
AAATCTAGCCCTGCTA-1,53,101,17023,19788,94
CGCAGGCGATCCAAAC-1,52,102,16770,19934,94
CCATATGGAAACTATA-1,53,103,17023,20079,94
CACCGTATCCCATCCG-1,52,104,16771,20224,94
GGTCAAGACTACTTCG-1,53,105,17023,20369,94
CCCGTTTCGCAGATGT-1,52,106,16771,20514,94
GTTATAATACGGTGAA-1,53,107,17023,20659,94
ACTTGTGGATGGAACG-1,52,108,16771,20804,94
GCCATTAGCCTCAAAC-1,55,13,17516,7023,94
GTTAGGCTACCCGTTT-1,54,14,17264,7168,94
GGGTATTCTAGCAAAC-1,55,15,17516,7313,94
GCCCTAGCCGTCGCGA-1,54,16,17264,7459,94
CAGATCCTGGTTTGAA-1,55,17,17516,7603,94
CTTCAGTGGTCGCCTA-1,54,18,17264,7749,94
GGGCAACCGCACGTGC-1,55,19,17517,7894,94
GACCCAATTATGATAC-1,54,20,17264,8039,94
GAAGCTCGGACCCGTC-1,55,21,17517,8184,94
CGTCGGGTCTAAGCGC-1,54,22,17265,8329,94
GAGGCCCGACTCCGCA-1,55,23,17517,8474,94
TTGCCATAGCCCGCTC-1,54,24,17265,8619,94
TAACATACACGCGATC-1,55,25,17517,8764,94
CCGACGGGCATGAGGT-1,54,26,17265,8909,94
AATGTGCCCGAGGTGT-1,55,27,17518,9054,94
AGCTGTAACCTCAATC-1,54,28,17265,9199,94
CGAGTGAAGGTACCAG-1,55,29,17518,9344,94
AGTCTCACAAGACTAC-1,54,30,17266,9489,94
AAATTGATAGTCCTTT-1,55,31,17518,9634,94
TAAGTCGCCGAGTATC-1,54,32,17266,9779,94
GCGGAGAAACTTCGCA-1,55,33,17518,9924,94
GGCAAAGGCGCCAATA-1,54,34,17266,10070,94
ATTTCCGGGTTCTGCG-1,55,35,17519,10214,94
TAAACCCAGGAGGGCA-1,54,36,17266,10360,94
TTCGGGCGCTAGTCTT-1,55,37,17519,10505,94
GTGGAGTCGGCGGTTG-1,54,38,17267,10650,94
GCACGCCTACTTAGAT-1,55,39,17519,10795,94
CAATATTCTTGACCTA-1,54,40,17267,10940,94
CGTTTGTGTAGAGGGT-1,55,41,17519,11085,94
CATAGCGTTGCCCACC-1,54,42,17267,11230,94
TTCCGGCCTTGAGGCT-1,54,44,17267,11520,94
TCGTTGCTATCCGGTC-1,54,46,17268,11810,94
CAGAGGCGATGCATGA-1,54,48,17268,12100,94
GGGTTAACATTTGAGT-1,54,50,17268,12390,94
TGCCAATGGGTACTCT-1,54,52,17269,12681,94
GACGCCGTAAAGGCTA-1,54,54,17269,12971,94
CTGGCTGGTTGTCAGT-1,54,56,17269,13261,94
ACATCCCGGCCATACG-1,55,57,17522,13406,94
CTCTTGTCCCGCTTGG-1,54,58,17269,13551,94
TACGCCTCCATTCCGA-1,55,59,17522,13696,94
CGGAGCAATTTAATCG-1,54,60,17270,13841,94
AACTAGGCTTGGGTGT-1,55,61,17522,13986,94
GCGTCGCCAGGGTGAT-1,54,62,17270,14131,94
GTTGGTCATGCTATCC-1,55,63,17522,14276,94
GCTGGCGGCGCATGCT-1,54,64,17270,14421,94
TGAGCGGAAAGTGTTC-1,55,65,17523,14566,94
CTTTCTGTGCGGGCTT-1,54,66,17270,14711,94
ATCTAATATCCTACGG-1,55,67,17523,14856,94
AACCTTTAAATACGGT-1,54,68,17271,15001,94
TTCACTCGAGCACCTA-1,55,69,17523,15146,94
CTGCACTCCAGTACAG-1,54,70,17271,15292,94
CCATTTCTACCTATTA-1,55,71,17523,15436,94
CAAGCGGCACATAATT-1,54,72,17271,15582,94
GTTAACATCACTTAAA-1,55,73,17524,15726,94
ATATAAATGTAGCTGC-1,54,74,17271,15872,94
GCCTCTATACATAGCA-1,55,75,17524,16017,94
GTGTCGTATAGCGTTC-1,54,76,17272,16162,94
ATACGTACTTAGCCAC-1,55,77,17524,16307,94
CAATGCGAGAAGTATC-1,54,82,17272,17032,94
TACCAATAAAGTACCA-1,55,83,17525,17177,94
GCTAGGCACCACGGAG-1,54,84,17273,17322,94
GGTGGACTGCTCTGGC-1,55,85,17525,17467,94
GTCCGGACCTGAAATT-1,54,88,17273,17902,94
CTGTGGTCGGGAGATA-1,55,89,17526,18047,94
CATGTAAGAGACATTT-1,54,90,17273,18193,94
CACGTTTCGTACACAC-1,55,91,17526,18337,94
CATCCTCTCAAAGATC-1,54,92,17274,18483,94
GATTAACCGAAAGCCC-1,55,93,17526,18628,94
AACGCTGTTGCTGAAA-1,54,94,17274,18773,94
TTCAGCTGGCGTGCCC-1,55,95,17527,18918,94
TAGAGGTTCTACTTGT-1,54,96,17274,19063,94
GTATCAAACGTTAGCT-1,55,97,17527,19208,94
AATCATGTAAAGACTC-1,54,98,17275,19353,94
AGTCACTAGCTCTCGA-1,55,99,17527,19498,94
CATGGATTGTCTTCCG-1,55,101,17527,19788,94
ATTGGATTACAGCGTA-1,54,102,17275,19933,94
CACACACGCTAACGAG-1,55,103,17528,20078,94
CTATGGGAAGCGGAAT-1,54,104,17275,20223,94
TGCCTAATTGAAGATT-1,55,105,17528,20368,94
TGGCAATGGGACGGCG-1,54,106,17276,20513,94
TATCTTGCAATACAAC-1,56,16,17769,7458,94
TATTATGTTTGCCTGC-1,57,17,18021,7603,94
GTCAAAGAAGTGGTGT-1,56,18,17769,7748,94
GGGACAGAGTTACTCC-1,57,19,18021,7893,94
AGCAACCGAAAGTAAT-1,56,20,17769,8038,94
CTCTCTAACTGCCTAG-1,57,21,18022,8183,94
ATACGGAACGTCGTTT-1,56,22,17769,8328,94
TCGGTCCCGACAATAG-1,57,23,18022,8473,94
CGCGCAAATGTCCAGA-1,56,24,17770,8619,94
TCTAATACTGCCTCAG-1,57,25,18022,8763,94
CTCGGTTGTCGGCCCT-1,56,26,17770,8909,94
GGTAACCGGGAGGATA-1,57,27,18022,9054,94
CAGGCGCACGGTGGTC-1,56,28,17770,9199,94
TCATCGATGGTCCCAA-1,57,29,18023,9344,94
CAAAGATTATTGGGCC-1,56,30,17770,9489,94
ACAATGAATACGGAGA-1,57,31,18023,9634,94
GCTCCTGACATACTGG-1,56,32,17771,9779,94
GATGACAAGTAGGGCA-1,57,33,18023,9924,94
TACGCCGAGGGTACCC-1,56,34,17771,10069,94
AAGCGTCCCTCATCGA-1,57,35,18023,10214,94
CACTCCTATGTAAGAT-1,56,36,17771,10359,94
TCGAGCCAGGCAGGCC-1,57,37,18024,10504,94
TCGTCAAGTACGCGCA-1,56,38,17771,10649,94
TTGTGTATGCCACCAA-1,56,60,17774,13841,94
CGATTAAATATCTCCT-1,56,62,17775,14131,94
GTGGACGCATTTGTCC-1,56,64,17775,14421,94
ACCCGGAAACTCCCAG-1,57,65,18027,14566,94
CCGCATGTGGTACGAT-1,56,66,17775,14711,94
GCAAACCTTGGCCATA-1,57,67,18028,14856,94
ATTCACTGATGTTGGA-1,56,68,17775,15001,94
ACTCCCTAATGCTAAA-1,57,69,18028,15146,94
TCCTAAATTGGGAAGC-1,56,70,17776,15291,94
GAACAGATTACTAAAT-1,57,71,18028,15436,94
ATACAGGCCCTCCAAT-1,56,72,17776,15581,94
CGATTCGCCTGGCTGC-1,57,73,18028,15726,94
CGTCGTCCTTCGCGAA-1,56,76,17776,16161,94
CGTTGAATACCGCGCT-1,57,77,18029,16306,94
ACCAATATGCAAGTTA-1,56,78,17777,16451,94
ACGGATGGTGCGGATA-1,57,79,18029,16596,94
CACCCTAACAAGATCT-1,56,80,17777,16742,94
AAGCTCTTTCATGGTG-1,57,81,18029,16886,94
CATGGGTATGCCTTAT-1,56,82,17777,17032,94
AAGTTCACTCCAAGCT-1,57,85,18030,17467,94
TTGGACCTATAACAGT-1,56,86,17778,17612,94
ATCAGCCTCATGCTGC-1,57,87,18030,17757,94
AGTACTCTTATGCCCA-1,56,88,17778,17902,94
GCGCTTAAATAATTGG-1,57,89,18031,18047,94
TTGTGAACCTAATCCG-1,56,90,17778,18192,94
AGTCGTCGACCACCAA-1,57,91,18031,18337,94
TCCTTTAAATCCGCTT-1,56,92,17779,18482,94
ACTGAAACGCCGTTAG-1,57,93,18031,18627,94
GCACACACTGGTAGCC-1,56,94,17779,18772,94
TAAGGGCCTGTCCGAT-1,57,95,18031,18917,94
GCTAGAGTAGAGATGT-1,56,96,17779,19062,94
CACAGGGCCATATAGT-1,57,97,18032,19207,94
CCATGCCCTAGATTTC-1,56,98,17779,19353,94
TCGCGTAGCAGTGTCC-1,57,99,18032,19497,94
GACGAGGCTAATAAAC-1,56,100,17780,19643,94
CTACACTCGCAGATGG-1,57,101,18032,19787,94
ACGCATACGTTTACTA-1,56,102,17780,19933,94
GGAGCAACATTTCAAG-1,57,103,18032,20078,94
CGAGAGGGTAGCCGCG-1,56,104,17780,20223,94
TCCCTGGCGTATTAAC-1,58,18,18274,7748,94
AAACACCAATAACTGC-1,59,19,18526,7893,94
TGGACGCAATCCAGCC-1,58,20,18274,8038,94
GGAACCTTGACTCTGC-1,59,21,18526,8183,94
GTATCTCAGTCTTGAC-1,58,22,18274,8328,94
GCTGAATCTTCCAATC-1,59,23,18527,8473,94
AGATGCAAGACGTGCA-1,58,24,18274,8618,94
TTAAGGCCCGTACTTT-1,59,25,18527,8763,94
AGTATGCTGGAGACCA-1,58,26,18275,8908,94
GCGGCAAAGTATTGCC-1,59,27,18527,9053,94
GCGCAAATATATTCAA-1,58,28,18275,9198,94
GAAGAAACGATATTGT-1,59,29,18527,9343,94
GGACCTCTAGGCCGCC-1,58,30,18275,9488,94
AACAGCTGTGTGGCAA-1,59,31,18528,9633,94
TCGAATATCCCGCAGG-1,58,32,18275,9779,94
GCGACCCAACCATCTG-1,59,33,18528,9923,94
AGAGAAGGAGTACAAT-1,58,34,18276,10069,94
GGCTCCTCCACCTGTT-1,59,35,18528,10213,94
TCAGTGTATACGTCAT-1,58,36,18276,10359,94
TTAGGTCATAACCGAC-1,58,38,18276,10649,94
ACTATTTCCGGGCCCA-1,59,41,18529,11084,94
TTGTTTCACATCCAGG-1,58,42,18277,11229,94
CGCTGTGTGGATGTTG-1,59,43,18529,11374,94
TCAACATAGCGCCCTA-1,58,44,18277,11519,94
GGCCGTTTGGGTTTCA-1,59,45,18530,11664,94
TTCGCGCGCCATACGA-1,59,47,18530,11954,94
AGGCAGGGAGCGTACT-1,59,49,18530,12244,94
CCTTTAAGGGAGCACT-1,58,50,18278,12390,94
AGTATTTGGCACGACC-1,58,52,18278,12680,94
TATCCGCACCGTCGGG-1,59,53,18531,12824,94
ACCCGTGTCATCAGTA-1,58,54,18278,12970,94
CAACTGCTCATCCGAT-1,59,55,18531,13115,94
CCGGAGCGTACTTTCT-1,58,56,18279,13260,94
TACCGTAGGTTAACTA-1,59,57,18531,13405,94
ATATAAAGCGCTCGTG-1,58,68,18280,15000,94
CTAGGTTCGGACGTGA-1,58,70,18280,15291,94
TCGGGAGACAGCGTAC-1,59,71,18533,15435,94
CATAAGAAGCTTGGCT-1,58,72,18281,15581,94
AAGCACCCTGCGTATC-1,59,73,18533,15726,94
AGTTTGCACCTGCCTC-1,58,74,18281,15871,94
GACTGCAAATCGAGCT-1,59,75,18533,16016,94
CTTCAACTCCACTTGG-1,59,77,18534,16306,94
CATGAGATGCACTCTC-1,59,79,18534,16596,94
CGCGACCGCGACAGAT-1,59,81,18534,16886,94
GCAGTGTGGCTATAGG-1,59,83,18535,17176,94
ATACTGCCTTACACCG-1,58,84,18282,17321,94
TACAGAAACGGTGGGC-1,59,85,18535,17466,94
GGCGCGGAGATCTTTC-1,58,86,18283,17611,94
CGTTAATGTCCCGACG-1,59,87,18535,17756,94
GCTAACTGAAGTCTGA-1,58,88,18283,17902,94
AGTGATAACCTGCGCG-1,59,89,18535,18046,94
TATGATCTTCTCTTTA-1,58,90,18283,18192,94
TGTACCTACACGAGGG-1,59,91,18536,18336,94
ATATCGTTCCTCGAAC-1,58,92,18283,18482,94
CGGCGCCATCAATCCC-1,59,93,18536,18627,94
CCTGTTTGAAGACACG-1,58,94,18284,18772,94
GCCACTCAGAGCGCGA-1,59,95,18536,18917,94
TCGGCTTGTATCGACG-1,58,96,18284,19062,94
TAGATGGTTCCTTACT-1,59,97,18536,19207,94
ATCGTTAGCTAGCGGA-1,58,98,18284,19352,94
ACAGCGACATTCTCAT-1,59,99,18537,19497,94
ATTCAACCATTTAAGG-1,58,100,18284,19642,94
CACTCTTCTGCTAGCC-1,59,101,18537,19787,94
CTAACTGATAATCGCC-1,58,102,18285,19932,94
GAAACATAGGAAACAG-1,60,20,18779,8037,94
TAATAGGTCACCAGAA-1,61,21,19031,8182,94
CACCAGTCAGCATGCA-1,60,22,18779,8328,94
GAGCGCTGTTAGGTAA-1,61,23,19031,8472,94
CCCTATGTAGAGCAGA-1,60,24,18779,8618,94
GATCGCTATATCTCAG-1,61,25,19032,8762,94
AAGGGACTATGCATTC-1,60,26,18779,8908,94
CTCGGGTTCTCTGGCC-1,61,27,19032,9053,94
TATATATCGAGAAATG-1,60,28,18780,9198,94
ACCCGAGCGAAATTAC-1,61,29,19032,9343,94
TTGTTTCATTAGTCTA-1,60,30,18780,9488,94
ATGGGACCTGCTGAAC-1,61,31,19033,9633,94
TGCGACGGCCGAACGT-1,60,32,18780,9778,94
AGCTAACAAGCAATGT-1,61,33,19033,9923,94
CGTGTCTCGTTACGAC-1,60,34,18781,10068,94
CTAAATCCGGTGTACA-1,61,35,19033,10213,94
GAATAGTGCTCGATTA-1,60,36,18781,10358,94
AACAATACATTGTCGA-1,61,37,19033,10503,94
CCCAATGAGATTTGCA-1,60,40,18781,10939,94
TCAGCAGTAGGCCCTG-1,61,41,19034,11083,94
CTACTCAAGGTATAGT-1,60,42,18782,11229,94
TAGTAGCTTATACCAG-1,61,43,19034,11373,94
ACGTTCGTTCAGGAAA-1,60,44,18782,11519,94
TTAGAATAAGGGTCGG-1,61,45,19034,11664,94
TTCTAGAAAGTCTTAT-1,60,46,18782,11809,94
AGCCCGGTAGCCTGTA-1,61,49,19035,12244,94
TACCTCAGTTGTCTGT-1,60,50,18783,12389,94
TCCACCTCTAGCCTTT-1,61,53,19035,12824,94
AAGACCCAACTGAACA-1,60,54,18783,12969,94
CATACACGGTTCCCAC-1,61,55,19036,13114,94
ACTACGCGTTAGAATT-1,60,56,18783,13259,94
CTTGGCCAAGCTGGGA-1,61,57,19036,13404,94
TTACCCTAGGGATTGG-1,60,58,18784,13549,94
TTCGCACTGTACGACA-1,61,59,19036,13694,94
GAAGCCTGCACATTCC-1,61,61,19036,13984,94
AGGAAGCTGTCCGCCG-1,61,65,19037,14565,94
AGCAAAGGCCGCTAGT-1,60,72,18785,15580,94
TTATAGGTAATTGTCT-1,61,73,19038,15725,94
TTGTGCAGCCACGTCA-1,60,74,18786,15870,94
ACGGACTCTCAAAGCG-1,61,75,19038,16015,94
ATGCTCTGGCGCGGTA-1,60,76,18786,16160,94
ATAATCTTGGAGAACC-1,61,77,19039,16305,94
CTCATTGCTCTAACAA-1,60,78,18786,16451,94
TAGGTGACGATAACCT-1,61,79,19039,16595,94
CGGATCCTCAAGGACT-1,60,80,18787,16741,94
GGGCGTGGTTTCCCAG-1,61,81,19039,16886,94
TGGCTATGTGACATAC-1,60,82,18787,17031,94
CTTAGTGTAGTAGCAT-1,61,83,19039,17176,94
GGATTGCTGTGACTCC-1,60,84,18787,17321,94
ACTTCCATGCGGGACA-1,61,85,19040,17466,94
ACTCAAGTGCAAGGCT-1,60,86,18787,17611,94
ACAAGGATGCTTTAGG-1,61,87,19040,17756,94
TTGAACGACGTGCTGA-1,60,88,18788,17901,94
ATTCATCGTTGAGGCA-1,61,89,19040,18046,94
TGCAACCCATCTGCGG-1,60,90,18788,18191,94
AGTGCTAAACACAGCA-1,61,91,19040,18336,94
AACTCCAGAGCGTGTT-1,60,92,18788,18481,94
TCTCCACAAGTTGAAT-1,61,93,19041,18626,94
CTTTGCATCGCTCTTG-1,60,94,18788,18771,94
TCACAAACCGAGGTAC-1,61,95,19041,18916,94
CCGTAGGAAATCCCTG-1,60,96,18789,19062,94
GCCTCCGACAATTCAC-1,60,98,18789,19352,94
ACCCATTTGTCCCTCT-1,60,100,18789,19642,94
CCTATGGCTCCTAGTG-1,62,24,19284,8617,94
CGTCGCTTGGTTATAC-1,63,25,19537,8762,94
TGCTTAGAGAGAATGC-1,62,26,19284,8907,94
GATTGCTCCAGTTGCA-1,63,27,19537,9052,94
CGTGCTTCTACCTAAA-1,62,28,19285,9197,94
ACTCCAATATCATCAT-1,63,29,19537,9342,94
GCCGACCCACGACTGC-1,62,30,19285,9488,94
GAGGGTAGTAACAAAG-1,63,31,19537,9632,94
GGCCGAGACTCTGGTG-1,62,32,19285,9778,94
TATATAGGGCTTTACG-1,63,33,19538,9922,94
TGCCGGATGTACGAGC-1,62,34,19285,10068,94
AGGTAGATCGAGATAT-1,63,35,19538,10213,94
GATCAACATAAAGGGA-1,62,36,19286,10358,94
TAACAGCGTTTGTGCT-1,63,37,19538,10503,94
CTCTTCTGGAAGTTAG-1,62,40,19286,10938,94
ATCTGACATGGAAGGA-1,63,41,19539,11083,94
TACGTACTAGTGCTGA-1,62,42,19286,11228,94
ATGACTATCAGCTGTG-1,63,43,19539,11373,94
CTTTGGGATTGTTGCA-1,62,44,19287,11518,94
AGACTGTTACCGGGTC-1,63,45,19539,11663,94
TCCTAACCGTCGGGCA-1,62,46,19287,11808,94
AAGTGAGTCGGGTTTA-1,62,48,19287,12099,94
CGGTCCGTCGCAAGCC-1,63,51,19540,12533,94
CCTATATTTGTCCTGG-1,62,52,19288,12679,94
AAAGGCTACGGACCAT-1,62,54,19288,12969,94
CGTGACCAGTCCTCTG-1,63,55,19540,13114,94
GATCTGCTATCTAAGG-1,62,56,19288,13259,94
CGAATGACGCATAATG-1,63,57,19541,13404,94
GCTCAATGTAATACCG-1,62,58,19288,13549,94
CTATGCCCGAATGCAA-1,63,59,19541,13694,94
CACAGGGCCGTTGTCA-1,62,60,19289,13839,94
TCAATACGCCGTCATG-1,63,61,19541,13984,94
AGCGGACACTTCGTAG-1,62,62,19289,14129,94
GAGTAGATACTAGTTG-1,62,64,19289,14419,94
CCAGCTCGAACGCATT-1,63,65,19542,14564,94
TGCTTCCCAAGCAGTA-1,62,66,19289,14709,94
CTCACATTTACTAAAT-1,62,68,19290,15000,94
GAATGCGAATCGGTTC-1,63,69,19542,15144,94
GAGTATGCGCGTGCAT-1,63,71,19543,15435,94
ATCCACATCGACAGAA-1,62,72,19290,15580,94
TAGACGAAACGCCAAT-1,63,73,19543,15725,94
CAGCAGTCTGTGCTGC-1,62,74,19291,15870,94
CTCACTGTGATACTTA-1,63,75,19543,16015,94
TTAATTGCTTTGGGTG-1,62,76,19291,16160,94
GTAGTCTACGATATTG-1,63,77,19543,16305,94
TTGCCGCTTTCTAGTA-1,62,78,19291,16450,94
GAACCTTTAACGATCC-1,63,79,19544,16595,94
TGGACCAATCTAAGAT-1,62,80,19291,16740,94
CTAGTAGAAAGGGATT-1,63,81,19544,16885,94
AACCTCGCTTTAGCCC-1,62,82,19292,17030,94
GAGTGTCAACCAGAAA-1,63,83,19544,17175,94
GTGATCCTTGTCATGA-1,62,84,19292,17320,94
CTCAACTAACCCGGAT-1,63,85,19544,17465,94
AGTGGCGTCTGAAGGT-1,62,86,19292,17611,94
GGGAAGGGCTTTCTCA-1,63,87,19545,17755,94
AGGCCTGAGAATCTCG-1,62,88,19292,17901,94
AGCCACAGGTTACCCG-1,63,89,19545,18045,94
TGCAATCTAACACGGT-1,62,90,19293,18191,94
GTTTGGGTTTCGCCCG-1,63,91,19545,18336,94
CCTATGTCCACTCCAC-1,62,92,19293,18481,94
CTGCCTTTCTAGTAAA-1,63,93,19545,18626,94
TTAGTAAACCTGCTCT-1,62,94,19293,18771,94
CCTCCTGTTGTGTCGT-1,62,96,19293,19061,94
CTGCCTTTAATACCTT-1,64,28,19789,9197,94
GAGCATCAACAACTTG-1,64,30,19790,9487,94
CATACGAACTAGCTGG-1,65,31,20042,9632,94
GGGAACGGTTTCAGAT-1,64,32,19790,9777,94
AGGGTGCCGTTCTTTA-1,65,33,20042,9922,94
ACGACTGGTCATACTC-1,64,34,19790,10067,94
GGATCTTACTGCCCTT-1,65,35,20043,10212,94
TACTCCTCTAGTTGAC-1,64,36,19790,10357,94
GTAGCTCCGGGAGGCT-1,65,37,20043,10502,94
GGACTCGTGAGTGGTC-1,64,38,19791,10648,94
GTAGTTCGAAGGCGAA-1,65,39,20043,10792,94
CTCAAACCACTGCCCG-1,64,40,19791,10938,94
GAGGGAGTCAGATCGC-1,65,41,20043,11082,94
TCTCTTACCGCGAACC-1,65,43,20044,11373,94
TATAGAGTCGCTTGAA-1,64,46,19792,11808,94
ATGTTGTAGTCTGTTT-1,65,47,20044,11953,94
TGTGGTTGCTAAAGCT-1,65,49,20044,12243,94
TGATTCCCGGTTACCT-1,64,50,19792,12388,94
CACTGACGATTGTGGA-1,65,51,20045,12533,94
AACATTGTGACTCGAG-1,64,52,19792,12678,94
GTCCAATATTTAGCCT-1,65,53,20045,12823,94
GCTCTTTCCGCTAGTG-1,64,54,19793,12968,94
GGGTCAGGAGCTAGAT-1,65,55,20045,13113,94
AGGTGGTGACCTTCGC-1,64,56,19793,13258,94
AGCCAAGCTTTGTGTC-1,64,58,19793,13549,94
TGTGGCGGGCTTCTGG-1,65,59,20046,13693,94
CGAGGGTATCCAGGTG-1,64,60,19793,13839,94
CGTTCAGACCCGCGAA-1,65,61,20046,13984,94
TCATATGAGCTTTGTT-1,64,62,19794,14129,94
AGTTGACGGTCCTTGC-1,65,63,20046,14274,94
ATAATTAGCTAAGTAG-1,64,64,19794,14419,94
GGTCTTGAGCGCTCTT-1,65,65,20047,14564,94
CGTTGTCGGCAATTGA-1,64,66,19794,14709,94
TCTTGCTCCCGATACT-1,65,67,20047,14854,94
AGCAGAAGGAGAAAGA-1,64,68,19795,14999,94
GAAGCCACTGATTATG-1,65,69,20047,15144,94
TGCTCTTGAGAGTTTG-1,64,70,19795,15289,94
GACATCCGTCGAACTG-1,65,71,20047,15434,94
AGATATAATACGACTA-1,64,72,19795,15579,94
TCGCTACTGGCTTTGA-1,65,73,20048,15724,94
GTGACAGCTTCCCACT-1,64,74,19795,15869,94
GTGACGCAGGTTTCAT-1,65,75,20048,16014,94
GGGAAGACGGTCTGTC-1,64,76,19796,16160,94
CGTCGCATGTGAGCCA-1,65,77,20048,16304,94
AGAAGGTTGTAGGTCG-1,64,78,19796,16450,94
GGCCGGCGTCTGCTAT-1,65,79,20048,16594,94
TTGACCAGGAACAACT-1,64,80,19796,16740,94
AGTCGTATAAAGCAGA-1,65,81,20049,16885,94
GGCGTAGGGAAAGCTG-1,64,82,19796,17030,94
AAACCTAAGCAGCCGG-1,65,83,20049,17175,94
ATTGCCTTTATGTTTG-1,64,84,19797,17320,94
CAGGCAGTCTTACCAG-1,65,85,20049,17465,94
AGCTAAGTACGCAGGC-1,64,86,19797,17610,94
AAATCCGATACACGCC-1,65,87,20049,17755,94
CGAGAGCTTTCACTAC-1,64,88,19797,17900,94
CGCCCAGCGTTTCACG-1,65,89,20050,18045,94
GTATCCTTTGGTAACC-1,64,92,19798,18480,94
CTTCTGGGCGTACCTA-1,66,34,20295,10067,94
TGAACAAGCAGGGACT-1,66,36,20295,10357,94
AATACCGGAGGGCTGT-1,67,37,20548,10502,94
GTTTGGTGATCGGTGC-1,66,38,20295,10647,94
GACTGCTGGTGAGAAA-1,67,39,20548,10792,94
CGATCCTCGCAACATA-1,66,40,20296,10937,94
CCAACCTTATGTAACT-1,67,41,20548,11082,94
CGTGGTACCCAAAGGC-1,66,42,20296,11227,94
AACCCGACAACCCGTG-1,67,43,20548,11372,94
TATGTAAAGTGCTTAA-1,66,44,20296,11517,94
GCAAGTGTAAAGCATG-1,67,45,20549,11662,94
GGTGCATAAATGATTA-1,67,47,20549,11952,94
CGGCCAGAGCGACCAT-1,67,49,20549,12242,94
TTCACTTCCTAGAACG-1,67,51,20549,12533,94
CGCTTAGTATTGATAC-1,66,52,20297,12678,94
AACGCGACCTTGGGCG-1,67,53,20550,12823,94
GTGCACCAGCTTCAAC-1,66,54,20297,12968,94
ATCTGCTGTTATCGCC-1,67,57,20550,13403,94
AATTCCAAGCATGTAC-1,66,58,20298,13548,94
AAACGGTTGCGAACTG-1,67,59,20551,13693,94
GAAGGAGTCGAGTGCG-1,66,60,20298,13838,94
GGCAAGCCCATAGTGG-1,67,61,20551,13983,94
TGACCAAATCTTAAAC-1,66,62,20299,14128,94
TTCGGTACTGTAGAGG-1,67,63,20551,14273,94
ATGTACGATGACGTCG-1,66,64,20299,14418,94
ATCTAGCTTGTGAGGG-1,67,65,20551,14563,94
AGCGGGTCTGACACTC-1,66,66,20299,14709,94
GAGGTACGCGTGTCCC-1,67,67,20552,14853,94
GCACTGCCTACCTTTA-1,66,68,20299,14999,94
GGAGCGAGGCCTACTT-1,67,69,20552,15143,94
AAACTCGGTTCGCAAT-1,66,70,20300,15289,94
GGCGCTTCATTCCCTG-1,67,71,20552,15434,94
TGCTCGGTGGGTCACC-1,66,72,20300,15579,94
AAGCGCAGGGCTTTGA-1,67,73,20552,15724,94
GACCTTCCACGTCTAC-1,66,74,20300,15869,94
GTTAGCCCATGACATC-1,67,75,20553,16014,94
AATTCGATTCGAGGAT-1,66,76,20300,16159,94
AGTCTTTAAAGTGTCC-1,67,77,20553,16304,94
GACTAGGCCGTTAGGT-1,66,78,20301,16449,94
TCCAAGCCTAGACACA-1,67,79,20553,16594,94
GATTGGGAAAGGTTGT-1,66,80,20301,16739,94
GATGAGGAACCTTCGG-1,67,81,20553,16884,94
TGAATACCGACGCGTA-1,66,82,20301,17029,94
AATCGTGAGCCGAGCA-1,67,83,20554,17174,94
GCGAAGAATCTGACGG-1,66,84,20301,17320,94
TCGCCGACATATTCGC-1,66,86,20302,17610,94
TGCATGTGACCCATAG-1,68,38,20800,10647,94
AGGGTCAGAGCACTCG-1,68,40,20800,10937,94
GTGTCAGTGTACGTGG-1,68,42,20801,11227,94
CTGTAGTGAGGATCGA-1,69,43,21053,11372,94
GATAGTGCGAGTAAGT-1,68,44,20801,11517,94
AGGGTTCAGACGGTCC-1,69,45,21053,11662,94
GGACTCGACAGCGCAT-1,68,46,20801,11807,94
GAGCGGAATGCGGTGT-1,68,48,20801,12097,94
CGTAACTTCGACACTT-1,68,50,20802,12387,94
CATACTTCTTTCTCCG-1,68,52,20802,12677,94
CAAGTAAGTGATAGAC-1,69,53,21055,12822,94
AGCCCGCAACAAGCAG-1,68,54,20802,12967,94
GCTCCATGCAAAGCAA-1,69,55,21055,13112,94
TCGTACCGACGTCAAG-1,68,56,20803,13258,94
ATTATCGGAATGTACG-1,69,57,21055,13402,94
ACCTACTATAAATCTA-1,68,58,20803,13548,94
TATCCTATCAACTGGT-1,69,59,21055,13693,94
GCGCGGTCTAGTAACT-1,68,60,20803,13838,94
CCTTCGTATAGAATCC-1,69,61,21056,13983,94
TGGGCGATACAATAAG-1,68,62,20803,14128,94
TGACATGTAACGTGAC-1,69,63,21056,14273,94
TTGGGAAGACGAGCCG-1,68,64,20804,14418,94
GGTGTAAATCGATTGT-1,69,65,21056,14563,94
GAACTGTGGAGAGACA-1,68,66,20804,14708,94
TCCACATCGTATATTG-1,69,67,21056,14853,94
CCTATGGTCAAAGCTG-1,68,68,20804,14998,94
TCCTTGTCCTTTAATT-1,69,69,21057,15143,94
AAGTTTATGGGCCCAA-1,68,70,20804,15288,94
GTCCGGGTTCACATTA-1,69,71,21057,15433,94
ATGTAGCGCGCGTAGG-1,68,72,20805,15578,94
TACGGAAGCCAAACCA-1,69,73,21057,15723,94
GCCCTGAGGATGGGCT-1,68,74,20805,15869,94
CGGGCGATGGATCACG-1,69,75,21057,16013,94
TGCGGACTTGACTCCG-1,68,76,20805,16159,94
TCGCTGCCAATGCTGT-1,68,80,20806,16739,94
GGTGTAGGTAAGTAAA-1,70,50,21307,12387,94
